id,gene_name,oncogenic_category,editor,edit_date_string,edited_date
1,ABL1,Oncogene,loader,2020-04-22-17-20-57-009374,"2020-04-22 17:20:57"
2,ABL2,Oncogene,loader,2020-04-22-17-20-59-166344,"2020-04-22 17:20:59"
3,ABRAXAS1,Neither,loader,2020-04-22-17-30-36-728421,"2020-04-22 17:30:37"
4,ACVR1,Oncogene,loader,2020-04-22-17-21-01-224462,"2020-04-22 17:21:01"
5,ACVR1B,"Tumor Suppressor Gene",loader,2020-04-22-17-21-03-499054,"2020-04-22 17:21:03"
6,ACVRL1,Oncogene,loader,2020-04-22-17-21-05-978721,"2020-04-22 17:21:06"
7,ADGRA2,Neither,loader,2020-04-22-17-33-21-459945,"2020-04-22 17:33:21"
8,ADORA2A,Neither,loader,2020-04-22-17-21-08-446620,"2020-04-22 17:21:08"
9,AKT1,Oncogene,loader,2020-04-22-17-21-20-404444,"2020-04-22 17:21:20"
10,AKT2,Oncogene,loader,2020-04-22-17-21-25-256566,"2020-04-22 17:21:25"
11,AKT3,Oncogene,loader,2020-04-22-17-21-27-386598,"2020-04-22 17:21:27"
12,ALK,Oncogene,loader,2020-04-22-17-21-29-607557,"2020-04-22 17:21:30"
13,ALOX12B,Neither,loader,2020-04-22-17-21-32-055960,"2020-04-22 17:21:32"
14,AMER1,Neither,loader,2020-04-22-17-30-35-106499,"2020-04-22 17:30:35"
15,ANKRD11,Neither,loader,2020-04-22-17-21-34-927991,"2020-04-22 17:21:35"
16,ANKRD26,Neither,loader,2020-04-22-17-21-36-480721,"2020-04-22 17:21:36"
17,APC,"Tumor Suppressor Gene",loader,2020-04-22-17-21-39-748030,"2020-04-22 17:21:40"
18,APEX1,Oncogene,loader,2020-04-22-17-21-41-997843,"2020-04-22 17:21:42"
19,AR,Oncogene,loader,2020-04-22-17-21-45-719434,"2020-04-22 17:21:46"
20,ARAF,Oncogene,loader,2020-04-22-17-21-48-041121,"2020-04-22 17:21:48"
21,ARFRP1,Neither,loader,2020-04-22-17-21-49-598556,"2020-04-22 17:21:50"
22,ARID1A,"Tumor Suppressor Gene",loader,2020-04-22-17-21-52-135103,"2020-04-22 17:21:52"
23,ARID1B,"Tumor Suppressor Gene",loader,2020-04-22-17-21-55-004436,"2020-04-22 17:21:55"
24,ARID2,"Tumor Suppressor Gene",loader,2020-04-22-17-21-56-821514,"2020-04-22 17:21:57"
25,ARID5B,"Tumor Suppressor Gene",loader,2020-04-22-17-21-59-557068,"2020-04-22 17:22:00"
26,ASXL1,"Tumor Suppressor Gene",loader,2020-04-22-17-22-02-681962,"2020-04-22 17:22:03"
27,ASXL2,"Tumor Suppressor Gene",loader,2020-04-22-17-22-05-386440,"2020-04-22 17:22:05"
28,ATM,"Tumor Suppressor Gene",loader,2020-04-22-17-22-12-848285,"2020-04-22 17:22:13"
29,ATP11B,Oncogene,loader,2020-04-22-17-22-16-588485,"2020-04-22 17:22:17"
30,ATR,"Tumor Suppressor Gene",loader,2020-04-22-17-22-18-754842,"2020-04-22 17:22:19"
31,ATRX,"Tumor Suppressor Gene",loader,2020-04-22-17-22-21-913425,"2020-04-22 17:22:22"
32,AURKA,Neither,loader,2020-04-22-17-22-26-067821,"2020-04-22 17:22:26"
33,AURKB,Neither,loader,2020-04-22-17-22-29-278596,"2020-04-22 17:22:29"
34,AXIN1,"Tumor Suppressor Gene",loader,2020-04-22-17-22-34-216416,"2020-04-22 17:22:34"
35,AXIN2,"Tumor Suppressor Gene",loader,2020-04-22-17-22-36-236775,"2020-04-22 17:22:36"
36,AXL,Oncogene,loader,2020-04-22-17-22-39-650467,"2020-04-22 17:22:40"
37,B2M,"Tumor Suppressor Gene",loader,2020-04-22-17-22-42-855102,"2020-04-22 17:22:43"
38,BAP1,"Tumor Suppressor Gene",loader,2020-04-22-17-22-50-640600,"2020-04-22 17:22:51"
39,BARD1,"Tumor Suppressor Gene",loader,2020-04-22-17-22-53-885271,"2020-04-22 17:22:54"
40,BBC3,Oncogene,loader,2020-04-22-17-22-56-906804,"2020-04-22 17:22:57"
41,BCL10,"Tumor Suppressor Gene",loader,2020-04-22-17-22-59-963549,"2020-04-22 17:23:00"
42,BCL2,Oncogene,loader,2020-04-22-17-23-02-748967,"2020-04-22 17:23:03"
43,BCL2L1,Oncogene,loader,2020-04-22-17-23-05-355164,"2020-04-22 17:23:05"
44,BCL2L11,Oncogene,loader,2020-04-22-17-23-08-001170,"2020-04-22 17:23:08"
45,BCL2L2,Neither,loader,2020-04-22-17-23-09-847337,"2020-04-22 17:23:10"
46,BCL6,Oncogene,loader,2020-04-22-17-23-11-839465,"2020-04-22 17:23:12"
47,BCL9,Oncogene,loader,2020-04-22-17-23-13-429329,"2020-04-22 17:23:13"
48,BCOR,"Tumor Suppressor Gene",loader,2020-04-22-17-23-15-556738,"2020-04-22 17:23:16"
49,BCORL1,Both,loader,2020-04-22-17-23-18-539770,"2020-04-22 17:23:19"
50,BCR,Neither,loader,2020-04-22-17-23-22-946383,"2020-04-22 17:23:23"
51,BIRC2,Oncogene,loader,2020-04-22-17-23-25-608415,"2020-04-22 17:23:26"
52,BIRC3,Oncogene,loader,2020-04-22-17-23-27-988694,"2020-04-22 17:23:28"
53,BLM,"Tumor Suppressor Gene",loader,2020-04-22-17-23-40-348536,"2020-04-22 17:23:40"
54,BMPR1A,Both,loader,2020-04-22-17-23-43-346040,"2020-04-22 17:23:43"
55,BRAF,Oncogene,loader,2020-04-22-17-23-47-022013,"2020-04-22 17:23:47"
56,BRCA1,"Tumor Suppressor Gene",loader,2020-04-22-17-23-51-689816,"2020-04-22 17:23:52"
57,BRCA2,"Tumor Suppressor Gene",loader,2020-04-22-17-23-55-530572,"2020-04-22 17:23:56"
58,BRD4,Oncogene,loader,2020-04-22-17-24-01-850155,"2020-04-22 17:24:02"
59,BRIP1,"Tumor Suppressor Gene",loader,2020-04-22-17-24-05-042535,"2020-04-22 17:24:05"
60,BTG1,"Tumor Suppressor Gene",loader,2020-04-22-17-24-07-033672,"2020-04-22 17:24:07"
61,BTK,Oncogene,loader,2020-04-22-17-24-09-753387,"2020-04-22 17:24:10"
62,BTLA,Neither,loader,2020-04-22-17-24-13-237315,"2020-04-22 17:24:13"
63,CALR,Oncogene,loader,2020-04-22-17-24-22-753258,"2020-04-22 17:24:23"
64,CARD11,Oncogene,loader,2020-04-22-17-24-25-372430,"2020-04-22 17:24:25"
65,CASP8,"Tumor Suppressor Gene",loader,2020-04-22-17-24-28-451211,"2020-04-22 17:24:28"
66,CBFB,"Tumor Suppressor Gene",loader,2020-04-22-17-24-30-070762,"2020-04-22 17:24:30"
67,CBL,Oncogene,loader,2020-04-22-17-24-32-220715,"2020-04-22 17:24:32"
68,CCL2,Neither,loader,2020-04-22-17-24-35-653189,"2020-04-22 17:24:36"
69,CCN6,Neither,loader,2020-04-22-17-51-04-241995,"2020-04-22 17:51:04"
70,CCND1,Oncogene,loader,2020-04-22-17-24-37-864853,"2020-04-22 17:24:38"
71,CCND2,Oncogene,loader,2020-04-22-17-24-39-423943,"2020-04-22 17:24:39"
72,CCND3,Oncogene,loader,2020-04-22-17-24-41-583097,"2020-04-22 17:24:42"
73,CCNE1,Oncogene,loader,2020-04-22-17-24-43-224819,"2020-04-22 17:24:43"
74,CCR2,Neither,loader,2020-04-22-17-24-46-200881,"2020-04-22 17:24:46"
75,CD163,Neither,loader,2020-04-22-17-24-49-280289,"2020-04-22 17:24:49"
76,CD2,Neither,loader,2020-04-22-17-24-50-884143,"2020-04-22 17:24:51"
77,CD244,Neither,loader,2020-04-22-17-24-54-847912,"2020-04-22 17:24:55"
78,CD27,Neither,loader,2020-04-22-17-24-57-014155,"2020-04-22 17:24:57"
79,CD274,Oncogene,loader,2020-04-22-17-25-01-035147,"2020-04-22 17:25:01"
80,CD276,Neither,loader,2020-04-22-17-25-04-808570,"2020-04-22 17:25:05"
81,CD28,Neither,loader,2020-04-22-17-25-08-095938,"2020-04-22 17:25:08"
82,CD38,Neither,loader,2020-04-22-17-25-18-035623,"2020-04-22 17:25:18"
83,CD3D,Neither,loader,2020-04-22-17-25-09-938321,"2020-04-22 17:25:10"
84,CD3E,Neither,loader,2020-04-22-17-25-13-262349,"2020-04-22 17:25:13"
85,CD3G,Neither,loader,2020-04-22-17-25-15-620117,"2020-04-22 17:25:16"
86,CD4,Neither,loader,2020-04-22-17-25-20-373361,"2020-04-22 17:25:20"
87,CD40,Neither,loader,2020-04-22-17-25-23-262538,"2020-04-22 17:25:23"
88,CD40LG,Neither,loader,2020-04-22-17-25-25-885539,"2020-04-22 17:25:26"
89,CD44,Oncogene,loader,2020-04-22-17-25-34-530036,"2020-04-22 17:25:35"
90,CD68,Neither,loader,2020-04-22-17-25-38-081305,"2020-04-22 17:25:38"
91,CD74,Oncogene,loader,2020-04-22-17-25-40-013565,"2020-04-22 17:25:40"
92,CD79A,Oncogene,loader,2020-04-22-17-25-42-270522,"2020-04-22 17:25:42"
93,CD79B,Oncogene,loader,2020-04-22-17-25-43-977661,"2020-04-22 17:25:44"
94,CD80,Neither,loader,2020-04-22-17-25-49-529761,"2020-04-22 17:25:50"
95,CD86,Neither,loader,2020-04-22-17-25-51-249507,"2020-04-22 17:25:51"
96,CD8A,Neither,loader,2020-04-22-17-25-53-594681,"2020-04-22 17:25:54"
97,CD8A,Neither,loader,2020-04-22-17-25-53-594681,"2020-04-22 17:25:54"
98,CD8B,Neither,loader,2020-04-22-17-25-55-342348,"2020-04-22 17:25:55"
99,CD8B,Neither,loader,2020-04-22-17-25-55-342348,"2020-04-22 17:25:55"
100,CDC73,"Tumor Suppressor Gene",loader,2020-04-22-17-25-57-609198,"2020-04-22 17:25:58"
101,CDH1,"Tumor Suppressor Gene",loader,2020-04-22-17-26-03-333153,"2020-04-22 17:26:03"
102,CDK12,"Tumor Suppressor Gene",loader,2020-04-22-17-26-05-398385,"2020-04-22 17:26:05"
103,CDK4,Oncogene,loader,2020-04-22-17-26-08-878850,"2020-04-22 17:26:09"
104,CDK6,Oncogene,loader,2020-04-22-17-26-11-719241,"2020-04-22 17:26:12"
105,CDK8,Oncogene,loader,2020-04-22-17-26-13-865554,"2020-04-22 17:26:14"
106,CDKN1A,Both,loader,2020-04-22-17-26-18-237584,"2020-04-22 17:26:18"
107,CDKN1B,"Tumor Suppressor Gene",loader,2020-04-22-17-26-20-992235,"2020-04-22 17:26:21"
108,CDKN2A,"Tumor Suppressor Gene",loader,2020-04-22-17-26-24-107686,"2020-04-22 17:26:24"
109,CDKN2B,"Tumor Suppressor Gene",loader,2020-04-22-17-26-25-828448,"2020-04-22 17:26:26"
110,CDKN2C,"Tumor Suppressor Gene",loader,2020-04-22-17-26-28-794265,"2020-04-22 17:26:29"
111,CEBPA,"Tumor Suppressor Gene",loader,2020-04-22-17-26-31-300896,"2020-04-22 17:26:31"
112,CENPA,Neither,loader,2020-04-22-17-26-40-336192,"2020-04-22 17:26:40"
113,CHD2,"Tumor Suppressor Gene",loader,2020-04-22-17-26-43-215128,"2020-04-22 17:26:43"
114,CHD4,Oncogene,loader,2020-04-22-17-26-45-582728,"2020-04-22 17:26:46"
115,CHEK1,"Tumor Suppressor Gene",loader,2020-04-22-17-26-48-196636,"2020-04-22 17:26:48"
116,CHEK2,Oncogene,loader,2020-04-22-17-26-51-316650,"2020-04-22 17:26:51"
117,CIC,Both,loader,2020-04-22-17-26-53-219292,"2020-04-22 17:26:53"
118,COP1,Neither,loader,2020-04-22-17-45-53-077073,"2020-04-22 17:45:53"
119,CREBBP,Both,loader,2020-04-22-17-27-01-130956,"2020-04-22 17:27:01"
120,CRKL,Oncogene,loader,2020-04-22-17-27-04-578354,"2020-04-22 17:27:05"
121,CRLF2,Oncogene,loader,2020-04-22-17-27-06-147071,"2020-04-22 17:27:06"
122,CSF1R,Oncogene,loader,2020-04-22-17-27-10-118028,"2020-04-22 17:27:10"
123,CSF3R,Oncogene,loader,2020-04-22-17-27-12-612340,"2020-04-22 17:27:13"
124,CSNK1A1,Neither,loader,2020-04-22-17-27-15-853911,"2020-04-22 17:27:16"
125,CSNK2A1,Oncogene,loader,2020-04-22-17-27-23-908295,"2020-04-22 17:27:24"
126,CTAG1B,Neither,Carrie.Hoefer@omniseq.com,2020-04-22-18-15-26-766182,"2020-04-22 18:15:27"
127,CTAG2,Neither,Carrie.Hoefer@omniseq.com,2020-04-22-18-15-30-260614,"2020-04-22 18:15:30"
128,CTCF,"Tumor Suppressor Gene",loader,2020-04-22-17-27-29-029269,"2020-04-22 17:27:29"
129,CTLA4,Neither,loader,2020-04-22-17-27-31-290033,"2020-04-22 17:27:31"
130,CTNNA1,Neither,loader,2020-04-22-17-27-34-436934,"2020-04-22 17:27:34"
131,CTNNB1,Oncogene,loader,2020-04-22-17-27-43-598318,"2020-04-22 17:27:44"
132,CUL3,"Tumor Suppressor Gene",loader,2020-04-22-17-28-00-408736,"2020-04-22 17:28:00"
133,CUX1,Both,loader,2020-04-22-17-28-05-076361,"2020-04-22 17:28:05"
134,CXCL10,Neither,loader,2020-04-22-17-28-08-962276,"2020-04-22 17:28:09"
135,CXCR2,Neither,Carrie.Hoefer@omniseq.com,2020-04-22-18-15-38-558693,"2020-04-22 18:15:39"
136,CXCR4,Oncogene,loader,2020-04-22-17-28-14-627255,"2020-04-22 17:28:15"
137,CXCR6,Neither,loader,2020-04-22-17-28-16-457786,"2020-04-22 17:28:16"
138,CYLD,"Tumor Suppressor Gene",loader,2020-04-22-17-28-24-478082,"2020-04-22 17:28:24"
139,DAXX,Both,loader,2020-04-22-17-28-29-815776,"2020-04-22 17:28:30"
140,DCUN1D1,Oncogene,loader,2020-04-22-17-28-32-863909,"2020-04-22 17:28:33"
141,DDR2,Oncogene,loader,2020-04-22-17-28-36-294021,"2020-04-22 17:28:36"
142,DDX41,Neither,loader,2020-04-22-17-28-38-831476,"2020-04-22 17:28:39"
143,DDX58,Neither,loader,2020-04-22-17-28-42-178675,"2020-04-22 17:28:42"
144,DHX15,Neither,loader,2020-04-22-17-28-43-999292,"2020-04-22 17:28:44"
145,DICER1,"Tumor Suppressor Gene",loader,2020-04-22-17-28-46-458140,"2020-04-22 17:28:46"
146,DIS3,Neither,loader,2020-04-22-17-28-48-021250,"2020-04-22 17:28:48"
147,DNAJB1,Neither,loader,2020-04-22-17-28-50-190868,"2020-04-22 17:28:50"
148,DNMT1,Neither,loader,2020-04-22-17-28-52-977804,"2020-04-22 17:28:53"
149,DNMT3A,Oncogene,loader,2020-04-22-17-28-55-052712,"2020-04-22 17:28:55"
150,DNMT3B,Neither,loader,2020-04-22-17-28-57-988068,"2020-04-22 17:28:58"
151,DOT1L,Neither,loader,2020-04-22-17-29-00-509580,"2020-04-22 17:29:01"
152,E2F3,Neither,loader,2020-04-22-17-29-02-082632,"2020-04-22 17:29:02"
153,EED,"Tumor Suppressor Gene",loader,2020-04-22-17-29-03-946552,"2020-04-22 17:29:04"
154,EGFL7,Neither,loader,2020-04-22-17-29-06-289964,"2020-04-22 17:29:06"
155,EGFR,Oncogene,loader,2020-04-22-17-29-14-591232,"2020-04-22 17:29:15"
156,EIF1AX,Neither,loader,2020-04-22-17-29-17-499035,"2020-04-22 17:29:17"
157,EIF4A2,Neither,loader,2020-04-22-17-29-20-136898,"2020-04-22 17:29:20"
158,EIF4E,Neither,loader,2020-04-22-17-29-23-005857,"2020-04-22 17:29:23"
159,ELOC,Neither,loader,2020-04-22-17-49-23-077889,"2020-04-22 17:49:23"
160,EML4,Neither,loader,2020-04-22-17-29-24-625221,"2020-04-22 17:29:25"
161,EMSY,Neither,loader,2020-04-22-17-24-19-695748,"2020-04-22 17:24:20"
162,ENTPD1,Neither,loader,2020-04-22-17-29-27-054319,"2020-04-22 17:29:27"
163,EP300,"Tumor Suppressor Gene",loader,2020-04-22-17-29-37-605662,"2020-04-22 17:29:38"
164,EPCAM,Neither,loader,2020-04-22-17-29-41-188854,"2020-04-22 17:29:41"
165,EPHA3,Neither,loader,2020-04-22-17-29-43-136086,"2020-04-22 17:29:43"
166,EPHA5,Neither,loader,2020-04-22-17-29-44-673328,"2020-04-22 17:29:45"
167,EPHA7,Neither,loader,2020-04-22-17-29-46-986931,"2020-04-22 17:29:47"
168,EPHB1,Neither,loader,2020-04-22-17-29-49-118703,"2020-04-22 17:29:49"
169,ERBB2,Oncogene,loader,2020-04-22-17-29-52-131380,"2020-04-22 17:29:52"
170,ERBB3,Oncogene,loader,2020-04-22-17-29-55-326032,"2020-04-22 17:29:55"
171,ERBB4,Oncogene,loader,2020-04-22-17-29-58-944542,"2020-04-22 17:29:59"
172,ERCC1,Neither,loader,2020-04-22-17-30-00-706329,"2020-04-22 17:30:01"
173,ERCC2,"Tumor Suppressor Gene",loader,2020-04-22-17-30-03-373946,"2020-04-22 17:30:03"
174,ERCC3,"Tumor Suppressor Gene",loader,2020-04-22-17-30-05-550218,"2020-04-22 17:30:06"
175,ERCC4,"Tumor Suppressor Gene",loader,2020-04-22-17-30-08-122994,"2020-04-22 17:30:08"
176,ERCC5,"Tumor Suppressor Gene",loader,2020-04-22-17-30-09-912124,"2020-04-22 17:30:10"
177,ERG,Oncogene,loader,2020-04-22-17-30-11-704325,"2020-04-22 17:30:12"
178,ERRFI1,Neither,loader,2020-04-22-17-30-13-223350,"2020-04-22 17:30:13"
179,ESR1,Oncogene,loader,2020-04-22-17-30-16-760912,"2020-04-22 17:30:17"
180,ETS1,Oncogene,loader,2020-04-22-17-30-18-916280,"2020-04-22 17:30:19"
181,ETV1,Oncogene,loader,2020-04-22-17-30-21-338927,"2020-04-22 17:30:21"
182,ETV4,Oncogene,loader,2020-04-22-17-30-22-853504,"2020-04-22 17:30:23"
183,ETV5,Oncogene,loader,2020-04-22-17-30-24-563274,"2020-04-22 17:30:25"
184,ETV6,"Tumor Suppressor Gene",loader,2020-04-22-17-30-26-386935,"2020-04-22 17:30:26"
185,EWSR1,Oncogene,loader,2020-04-22-17-30-28-761196,"2020-04-22 17:30:29"
186,EZH2,Oncogene,loader,2020-04-22-17-30-32-567203,"2020-04-22 17:30:33"
187,FANCA,"Tumor Suppressor Gene",loader,2020-04-22-17-30-41-722470,"2020-04-22 17:30:42"
188,FANCC,"Tumor Suppressor Gene",loader,2020-04-22-17-30-43-172369,"2020-04-22 17:30:43"
189,FANCD2,"Tumor Suppressor Gene",loader,2020-04-22-17-30-45-664711,"2020-04-22 17:30:46"
190,FANCE,"Tumor Suppressor Gene",loader,2020-04-22-17-30-47-368648,"2020-04-22 17:30:47"
191,FANCF,"Tumor Suppressor Gene",loader,2020-04-22-17-30-48-947307,"2020-04-22 17:30:49"
192,FANCG,"Tumor Suppressor Gene",loader,2020-04-22-17-30-50-580804,"2020-04-22 17:30:51"
193,FANCI,"Tumor Suppressor Gene",loader,2020-04-22-17-30-52-515635,"2020-04-22 17:30:53"
194,FANCL,"Tumor Suppressor Gene",loader,2020-04-22-17-30-56-614660,"2020-04-22 17:30:57"
195,FAS,"Tumor Suppressor Gene",loader,2020-04-22-17-31-00-143048,"2020-04-22 17:31:00"
196,FAT1,"Tumor Suppressor Gene",loader,2020-04-22-17-31-01-834208,"2020-04-22 17:31:02"
197,FBXW7,"Tumor Suppressor Gene",loader,2020-04-22-17-31-10-374080,"2020-04-22 17:31:10"
198,FGF1,Oncogene,loader,2020-04-22-17-31-15-575866,"2020-04-22 17:31:16"
199,FGF10,Oncogene,loader,2020-04-22-17-31-18-317079,"2020-04-22 17:31:18"
200,FGF14,Oncogene,loader,2020-04-22-17-31-20-547168,"2020-04-22 17:31:21"
201,FGF19,Oncogene,loader,2020-04-22-17-31-21-981495,"2020-04-22 17:31:22"
202,FGF2,Oncogene,loader,2020-04-22-17-31-25-776011,"2020-04-22 17:31:26"
203,FGF23,Oncogene,loader,2020-04-22-17-31-27-431389,"2020-04-22 17:31:27"
204,FGF3,Oncogene,loader,2020-04-22-17-31-29-608934,"2020-04-22 17:31:30"
205,FGF4,Oncogene,loader,2020-04-22-17-31-31-013169,"2020-04-22 17:31:31"
206,FGF5,Oncogene,loader,2020-04-22-17-31-32-591693,"2020-04-22 17:31:33"
207,FGF6,Oncogene,loader,2020-04-22-17-31-34-100629,"2020-04-22 17:31:34"
208,FGF7,Oncogene,loader,2020-04-22-17-31-35-542115,"2020-04-22 17:31:36"
209,FGF8,Oncogene,loader,2020-04-22-17-31-38-153584,"2020-04-22 17:31:38"
210,FGF9,Oncogene,loader,2020-04-22-17-31-40-685212,"2020-04-22 17:31:41"
211,FGFR1,Oncogene,loader,2020-04-22-17-31-43-175843,"2020-04-22 17:31:43"
212,FGFR2,Oncogene,loader,2020-04-22-17-31-45-408927,"2020-04-22 17:31:45"
213,FGFR3,Oncogene,loader,2020-04-22-17-31-47-895666,"2020-04-22 17:31:48"
214,FGFR4,Oncogene,loader,2020-04-22-17-31-49-711171,"2020-04-22 17:31:50"
215,FH,"Tumor Suppressor Gene",loader,2020-04-22-17-31-52-233116,"2020-04-22 17:31:52"
216,FLCN,"Tumor Suppressor Gene",loader,2020-04-22-17-31-58-880751,"2020-04-22 17:31:59"
217,FLI1,Oncogene,loader,2020-04-22-17-32-03-170551,"2020-04-22 17:32:03"
218,FLT1,Neither,loader,2020-04-22-17-32-05-871883,"2020-04-22 17:32:06"
219,FLT3,Oncogene,loader,2020-04-22-17-32-08-665677,"2020-04-22 17:32:09"
220,FLT4,Oncogene,loader,2020-04-22-17-32-10-515654,"2020-04-22 17:32:11"
221,FOXA1,Oncogene,loader,2020-04-22-17-32-12-773564,"2020-04-22 17:32:13"
222,FOXL2,Oncogene,loader,2020-04-22-17-32-14-443306,"2020-04-22 17:32:14"
223,FOXO1,Both,loader,2020-04-22-17-32-16-938145,"2020-04-22 17:32:17"
224,FOXP1,Oncogene,loader,2020-04-22-17-32-21-971844,"2020-04-22 17:32:22"
225,FOXP3,Neither,loader,2020-04-22-17-32-26-537807,"2020-04-22 17:32:27"
226,FRS2,Neither,loader,2020-04-22-17-32-28-883980,"2020-04-22 17:32:29"
227,FUBP1,Oncogene,loader,2020-04-22-17-32-30-310458,"2020-04-22 17:32:30"
228,FYN,Oncogene,loader,2020-04-22-17-32-32-805334,"2020-04-22 17:32:33"
229,GABRA6,Neither,loader,2020-04-22-17-32-34-229034,"2020-04-22 17:32:34"
230,GAS6,Oncogene,loader,2020-04-22-17-32-36-666010,"2020-04-22 17:32:37"
231,GATA1,Both,loader,2020-04-22-17-32-38-757556,"2020-04-22 17:32:39"
232,GATA2,Oncogene,loader,2020-04-22-17-32-40-764000,"2020-04-22 17:32:41"
233,GATA3,"Tumor Suppressor Gene",loader,2020-04-22-17-32-42-735723,"2020-04-22 17:32:43"
234,GATA4,Neither,loader,2020-04-22-17-32-46-846676,"2020-04-22 17:32:47"
235,GATA6,Neither,loader,2020-04-22-17-32-53-161274,"2020-04-22 17:32:53"
236,GEN1,Neither,loader,2020-04-22-17-32-59-024333,"2020-04-22 17:32:59"
237,GID4,Neither,loader,2020-04-22-17-33-02-030308,"2020-04-22 17:33:02"
238,GLI1,Oncogene,loader,2020-04-22-17-33-07-289247,"2020-04-22 17:33:07"
239,GNA11,Oncogene,loader,2020-04-22-17-33-09-504852,"2020-04-22 17:33:10"
240,GNA13,Neither,loader,2020-04-22-17-33-13-668606,"2020-04-22 17:33:14"
241,GNAQ,Oncogene,loader,2020-04-22-17-33-15-825485,"2020-04-22 17:33:16"
242,GNAS,Oncogene,loader,2020-04-22-17-33-18-541094,"2020-04-22 17:33:19"
243,GPS2,"Tumor Suppressor Gene",loader,2020-04-22-17-33-25-456963,"2020-04-22 17:33:25"
244,GREM1,Neither,loader,2020-04-22-17-33-28-416259,"2020-04-22 17:33:28"
245,GRIN2A,"Tumor Suppressor Gene",loader,2020-04-22-17-33-32-128066,"2020-04-22 17:33:32"
246,GRM3,Oncogene,loader,2020-04-22-17-33-33-921183,"2020-04-22 17:33:34"
247,GSK3B,Neither,loader,2020-04-22-17-33-38-678673,"2020-04-22 17:33:39"
248,GZMB,Neither,loader,2020-04-22-17-33-41-121022,"2020-04-22 17:33:41"
249,H1-2,Neither,loader,2020-04-22-17-33-59-647016,"2020-04-22 17:34:00"
250,H2BC5,Neither,loader,2020-04-22-17-34-01-499403,"2020-04-22 17:34:01"
251,H3-3A,Oncogene,loader,2020-04-22-17-33-43-782919,"2020-04-22 17:33:44"
252,H3-3B,Oncogene,loader,2020-04-22-17-33-47-215337,"2020-04-22 17:33:47"
253,H3-4,Neither,loader,2020-04-22-17-34-35-561132,"2020-04-22 17:34:36"
254,H3-5,Neither,loader,2020-04-22-17-33-48-720552,"2020-04-22 17:33:49"
255,H3C1,Neither,loader,2020-04-22-17-34-04-122361,"2020-04-22 17:34:04"
256,H3C10,Neither,loader,2020-04-22-17-34-19-376117,"2020-04-22 17:34:19"
257,H3C11,Neither,loader,2020-04-22-17-34-22-405349,"2020-04-22 17:34:22"
258,H3C12,Neither,loader,2020-04-22-17-34-25-386471,"2020-04-22 17:34:25"
259,H3C13,Neither,loader,2020-04-22-17-34-33-381307,"2020-04-22 17:34:33"
260,H3C14,Neither,loader,2020-04-22-17-34-30-506850,"2020-04-22 17:34:31"
261,H3C15,Neither,loader,2020-04-22-17-34-27-833802,"2020-04-22 17:34:28"
262,H3C2,Oncogene,loader,2020-04-22-17-34-06-683474,"2020-04-22 17:34:07"
263,H3C6,Neither,loader,2020-04-22-17-34-09-632740,"2020-04-22 17:34:10"
264,H3C7,Neither,loader,2020-04-22-17-34-13-104969,"2020-04-22 17:34:13"
265,H3C8,Neither,loader,2020-04-22-17-34-16-147782,"2020-04-22 17:34:16"
266,HAVCR2,Neither,loader,2020-04-22-17-33-54-524555,"2020-04-22 17:33:55"
267,HGF,Neither,loader,2020-04-22-17-33-58-090452,"2020-04-22 17:33:58"
268,HLA-A,Neither,loader,2020-04-22-17-34-53-250499,"2020-04-22 17:34:53"
269,HNF1A,Oncogene,loader,2020-04-22-17-34-58-239850,"2020-04-22 17:34:58"
270,HNRNPK,Neither,loader,2020-04-22-17-35-01-056960,"2020-04-22 17:35:01"
271,HOXB13,Neither,loader,2020-04-22-17-35-03-561102,"2020-04-22 17:35:04"
272,HRAS,Oncogene,loader,2020-04-22-17-35-07-972070,"2020-04-22 17:35:08"
273,HSD3B1,Neither,loader,2020-04-22-17-35-10-271888,"2020-04-22 17:35:10"
274,HSP90AA1,Neither,loader,2020-04-22-17-35-16-957137,"2020-04-22 17:35:17"
275,ICOS,Neither,loader,2020-04-22-17-35-19-292158,"2020-04-22 17:35:19"
276,ICOSLG,Neither,loader,2020-04-22-17-35-21-516511,"2020-04-22 17:35:22"
277,ID3,"Tumor Suppressor Gene",loader,2020-04-22-17-35-23-087141,"2020-04-22 17:35:23"
278,IDH1,Oncogene,loader,2020-04-22-17-35-26-227208,"2020-04-22 17:35:26"
279,IDH2,Oncogene,loader,2020-04-22-17-35-28-854913,"2020-04-22 17:35:29"
280,IDO1,Neither,loader,2020-04-22-17-35-32-744768,"2020-04-22 17:35:33"
281,IFITM1,Oncogene,loader,2020-04-22-17-35-34-796054,"2020-04-22 17:35:35"
282,IFITM3,Oncogene,loader,2020-04-22-17-35-36-865067,"2020-04-22 17:35:37"
283,IFNG,Neither,loader,2020-04-22-17-35-39-129677,"2020-04-22 17:35:39"
284,IFNGR1,Neither,loader,2020-04-22-17-35-42-048749,"2020-04-22 17:35:42"
285,IGF1,Neither,loader,2020-04-22-17-35-46-657029,"2020-04-22 17:35:47"
286,IGF1R,Oncogene,loader,2020-04-22-17-35-50-464759,"2020-04-22 17:35:50"
287,IGF2,Neither,loader,2020-04-22-17-35-53-592149,"2020-04-22 17:35:54"
288,IKBKE,Neither,loader,2020-04-22-17-35-55-789646,"2020-04-22 17:35:56"
289,IKZF1,"Tumor Suppressor Gene",loader,2020-04-22-17-35-58-707152,"2020-04-22 17:35:59"
290,IL10,Neither,loader,2020-04-22-17-36-02-225096,"2020-04-22 17:36:02"
291,IL1B,Neither,loader,2020-04-22-17-36-05-639597,"2020-04-22 17:36:06"
292,IL6,Oncogene,loader,2020-04-22-17-36-08-404163,"2020-04-22 17:36:08"
293,IL7R,Oncogene,loader,2020-04-22-17-36-11-075220,"2020-04-22 17:36:11"
294,INHA,Neither,loader,2020-04-22-17-36-12-536262,"2020-04-22 17:36:13"
295,INHBA,Neither,loader,2020-04-22-17-36-14-459218,"2020-04-22 17:36:14"
296,INPP4A,Neither,loader,2020-04-22-17-36-17-632538,"2020-04-22 17:36:18"
297,INPP4B,Neither,loader,2020-04-22-17-36-21-160279,"2020-04-22 17:36:21"
298,INSR,Neither,loader,2020-04-22-17-36-25-319400,"2020-04-22 17:36:25"
299,IRF2,Neither,loader,2020-04-22-17-36-27-918153,"2020-04-22 17:36:28"
300,IRF4,Both,loader,2020-04-22-17-36-30-684843,"2020-04-22 17:36:31"
301,IRS1,Neither,loader,2020-04-22-17-36-32-823005,"2020-04-22 17:36:33"
302,IRS2,Neither,loader,2020-04-22-17-36-34-639538,"2020-04-22 17:36:35"
303,JAK1,Oncogene,loader,2020-04-22-17-36-37-455842,"2020-04-22 17:36:37"
304,JAK2,Oncogene,loader,2020-04-22-17-36-41-970891,"2020-04-22 17:36:42"
305,JAK3,Oncogene,loader,2020-04-22-17-36-44-292974,"2020-04-22 17:36:44"
306,JUN,Oncogene,loader,2020-04-22-17-36-48-303372,"2020-04-22 17:36:48"
307,KAT6A,Oncogene,loader,2020-04-22-17-36-50-804638,"2020-04-22 17:36:51"
308,KDM5A,Oncogene,loader,2020-04-22-17-36-54-354982,"2020-04-22 17:36:54"
309,KDM5C,"Tumor Suppressor Gene",loader,2020-04-22-17-36-56-947953,"2020-04-22 17:36:57"
310,KDM6A,Both,loader,2020-04-22-17-37-00-236351,"2020-04-22 17:37:00"
311,KDR,Oncogene,loader,2020-04-22-17-37-04-248223,"2020-04-22 17:37:04"
312,KEAP1,"Tumor Suppressor Gene",loader,2020-04-22-17-37-11-442354,"2020-04-22 17:37:11"
313,KEL,Neither,loader,2020-04-22-17-37-15-098926,"2020-04-22 17:37:15"
314,KIF5B,Neither,loader,2020-04-22-17-37-17-919952,"2020-04-22 17:37:18"
315,KIT,Oncogene,loader,2020-04-22-17-37-20-745492,"2020-04-22 17:37:21"
316,KLF4,Both,loader,2020-04-22-17-37-23-277668,"2020-04-22 17:37:23"
317,KLHL6,Neither,loader,2020-04-22-17-37-24-816499,"2020-04-22 17:37:25"
318,KLRD1,Neither,loader,2020-04-22-17-37-27-039836,"2020-04-22 17:37:27"
319,KMT2A,Neither,loader,2020-04-22-17-39-16-192846,"2020-04-22 17:39:16"
320,KMT2B,Neither,loader,2020-04-22-17-37-29-451642,"2020-04-22 17:37:29"
321,KMT2C,"Tumor Suppressor Gene",loader,2020-04-22-17-37-32-236569,"2020-04-22 17:37:32"
322,KMT2D,Both,loader,2020-04-22-17-37-35-531531,"2020-04-22 17:37:36"
323,KNSTRN,Oncogene,loader,2020-04-22-17-37-39-355415,"2020-04-22 17:37:39"
324,KRAS,Oncogene,loader,2020-04-22-17-37-43-640869,"2020-04-22 17:37:44"
325,LAG3,Neither,loader,2020-04-22-17-37-47-039823,"2020-04-22 17:37:47"
326,LAMP1,Neither,loader,2020-04-22-17-37-48-969134,"2020-04-22 17:37:49"
327,LATS1,"Tumor Suppressor Gene",loader,2020-04-22-17-37-51-961094,"2020-04-22 17:37:52"
328,LATS2,"Tumor Suppressor Gene",loader,2020-04-22-17-37-54-390396,"2020-04-22 17:37:54"
329,LMO1,Oncogene,loader,2020-04-22-17-37-55-968843,"2020-04-22 17:37:56"
330,LRP1B,"Tumor Suppressor Gene",loader,2020-04-22-17-37-58-716214,"2020-04-22 17:37:59"
331,LYN,Oncogene,loader,2020-04-22-17-38-00-932366,"2020-04-22 17:38:01"
332,LZTR1,"Tumor Suppressor Gene",loader,2020-04-22-17-38-04-051558,"2020-04-22 17:38:04"
333,MAGEA1,Neither,Carrie.Hoefer@omniseq.com,2020-04-22-18-15-57-373970,"2020-04-22 18:15:57"
334,MAGEA3,Neither,Carrie.Hoefer@omniseq.com,2020-04-22-18-15-59-825060,"2020-04-22 18:16:00"
335,MAGEA4,Neither,Carrie.Hoefer@omniseq.com,2020-04-22-18-16-03-230723,"2020-04-22 18:16:03"
336,MAGI2,Neither,loader,2020-04-22-17-38-06-596314,"2020-04-22 17:38:07"
337,MAGOH,Oncogene,loader,2020-04-22-17-38-08-988109,"2020-04-22 17:38:09"
338,MALT1,Oncogene,loader,2020-04-22-17-38-11-789326,"2020-04-22 17:38:12"
339,MAP2K1,Oncogene,loader,2020-04-22-17-38-14-422318,"2020-04-22 17:38:14"
340,MAP2K2,Oncogene,loader,2020-04-22-17-38-16-552663,"2020-04-22 17:38:17"
341,MAP2K4,Both,loader,2020-04-22-17-38-18-847988,"2020-04-22 17:38:19"
342,MAP3K1,Both,loader,2020-04-22-17-38-21-449166,"2020-04-22 17:38:21"
343,MAP3K13,Both,loader,2020-04-22-17-38-23-165902,"2020-04-22 17:38:23"
344,MAP3K4,Neither,loader,2020-04-22-17-38-25-176646,"2020-04-22 17:38:25"
345,MAPK1,Oncogene,loader,2020-04-22-17-38-28-800064,"2020-04-22 17:38:29"
346,MAPK3,Neither,loader,2020-04-22-17-38-31-582022,"2020-04-22 17:38:32"
347,MAX,Oncogene,loader,2020-04-22-17-38-34-618513,"2020-04-22 17:38:35"
348,MCL1,Oncogene,loader,2020-04-22-17-38-37-200401,"2020-04-22 17:38:37"
349,MDC1,Neither,loader,2020-04-22-17-38-39-384372,"2020-04-22 17:38:39"
350,MDM2,Oncogene,loader,2020-04-22-17-38-48-488749,"2020-04-22 17:38:48"
351,MDM4,Oncogene,loader,2020-04-22-17-38-52-349483,"2020-04-22 17:38:52"
352,MED12,Oncogene,loader,2020-04-22-17-38-54-548117,"2020-04-22 17:38:55"
353,MEF2B,Neither,loader,2020-04-22-17-38-55-967701,"2020-04-22 17:38:56"
354,MEN1,"Tumor Suppressor Gene",loader,2020-04-22-17-38-58-514751,"2020-04-22 17:38:59"
355,MET,Oncogene,loader,2020-04-22-17-39-02-363874,"2020-04-22 17:39:02"
356,MGA,Neither,loader,2020-04-22-17-39-04-813862,"2020-04-22 17:39:05"
357,MITF,Oncogene,loader,2020-04-22-17-39-07-194602,"2020-04-22 17:39:07"
358,MLH1,"Tumor Suppressor Gene",loader,2020-04-22-17-39-10-571665,"2020-04-22 17:39:11"
359,MLLT3,Neither,loader,2020-04-22-17-39-21-707214,"2020-04-22 17:39:22"
360,MPL,Oncogene,loader,2020-04-22-17-39-24-788271,"2020-04-22 17:39:25"
361,MRE11,Neither,loader,2020-04-22-17-39-32-811577,"2020-04-22 17:39:33"
362,MS4A1,Neither,loader,2020-04-22-17-39-36-075620,"2020-04-22 17:39:36"
363,MSH2,"Tumor Suppressor Gene",loader,2020-04-22-17-39-39-768040,"2020-04-22 17:39:40"
364,MSH3,Neither,loader,2020-04-22-17-39-41-755859,"2020-04-22 17:39:42"
365,MSH6,"Tumor Suppressor Gene",loader,2020-04-22-17-39-44-238172,"2020-04-22 17:39:44"
366,MST1,Neither,loader,2020-04-22-17-39-46-200045,"2020-04-22 17:39:46"
367,MST1R,Neither,loader,2020-04-22-17-39-48-404524,"2020-04-22 17:39:48"
368,MTOR,Oncogene,loader,2020-04-22-17-40-01-098266,"2020-04-22 17:40:01"
369,MUTYH,"Tumor Suppressor Gene",loader,2020-04-22-17-40-07-073417,"2020-04-22 17:40:07"
370,MX1,Neither,loader,2020-04-22-17-40-09-851109,"2020-04-22 17:40:10"
371,MYB,Oncogene,loader,2020-04-22-17-40-11-914463,"2020-04-22 17:40:12"
372,MYC,Oncogene,loader,2020-04-22-17-40-14-843626,"2020-04-22 17:40:15"
373,MYCL,Neither,loader,2020-04-22-17-40-18-250907,"2020-04-22 17:40:18"
374,MYCL,Neither,loader,2020-04-22-17-40-18-250907,"2020-04-22 17:40:18"
375,MYCN,Oncogene,loader,2020-04-22-17-40-20-190488,"2020-04-22 17:40:20"
376,MYD88,Oncogene,loader,2020-04-22-17-40-27-501184,"2020-04-22 17:40:28"
377,MYO18A,Oncogene,loader,2020-04-22-17-40-32-134773,"2020-04-22 17:40:32"
378,MYOD1,Oncogene,loader,2020-04-22-17-40-35-788677,"2020-04-22 17:40:36"
379,NAB2,"Tumor Suppressor Gene",loader,2020-04-22-17-40-37-618727,"2020-04-22 17:40:38"
380,NBN,"Tumor Suppressor Gene",loader,2020-04-22-17-40-40-123198,"2020-04-22 17:40:40"
381,NCOA3,Neither,loader,2020-04-22-17-40-41-921169,"2020-04-22 17:40:42"
382,NCOR1,"Tumor Suppressor Gene",loader,2020-04-22-17-40-44-320243,"2020-04-22 17:40:44"
383,NECTIN2,Neither,Carrie.Hoefer@omniseq.com,2020-04-22-18-16-09-478140,"2020-04-22 18:16:09"
384,NEGR1,Neither,loader,2020-04-22-17-40-46-039532,"2020-04-22 17:40:46"
385,NF1,"Tumor Suppressor Gene",loader,2020-04-22-17-40-48-596181,"2020-04-22 17:40:49"
386,NF2,"Tumor Suppressor Gene",loader,2020-04-22-17-40-50-668597,"2020-04-22 17:40:51"
387,NFE2L2,Oncogene,loader,2020-04-22-17-40-55-419980,"2020-04-22 17:40:55"
388,NFKBIA,Neither,loader,2020-04-22-17-40-58-096807,"2020-04-22 17:40:58"
389,NKX2-1,Oncogene,loader,2020-04-22-17-41-00-477980,"2020-04-22 17:41:00"
390,NKX2-8,Oncogene,loader,2020-04-22-17-41-01-891785,"2020-04-22 17:41:02"
391,NKX3-1,Neither,loader,2020-04-22-17-41-04-461516,"2020-04-22 17:41:04"
392,NOTCH1,"Tumor Suppressor Gene",loader,2020-04-22-17-41-07-695897,"2020-04-22 17:41:08"
393,NOTCH2,Both,loader,2020-04-22-17-41-11-940549,"2020-04-22 17:41:12"
394,NOTCH3,"Tumor Suppressor Gene",loader,2020-04-22-17-41-15-198871,"2020-04-22 17:41:15"
395,NOTCH4,Oncogene,loader,2020-04-22-17-41-17-027464,"2020-04-22 17:41:17"
396,NPM1,Oncogene,loader,2020-04-22-17-41-20-727515,"2020-04-22 17:41:21"
397,NRAS,Oncogene,loader,2020-04-22-17-41-23-759444,"2020-04-22 17:41:24"
398,NRG1,"Tumor Suppressor Gene",loader,2020-04-22-17-41-26-716967,"2020-04-22 17:41:27"
399,NSD1,Neither,loader,2020-04-22-17-41-28-436400,"2020-04-22 17:41:28"
400,NTRK1,Oncogene,loader,2020-04-22-17-41-32-775919,"2020-04-22 17:41:33"
401,NTRK2,Oncogene,loader,2020-04-22-17-41-35-828468,"2020-04-22 17:41:36"
402,NTRK3,Oncogene,loader,2020-04-22-17-41-37-665517,"2020-04-22 17:41:38"
403,NUP93,Neither,loader,2020-04-22-17-41-40-322370,"2020-04-22 17:41:40"
404,NUTM1,Oncogene,loader,2020-04-22-17-41-42-754877,"2020-04-22 17:41:43"
405,PAK1,Neither,loader,2020-04-22-17-41-45-888535,"2020-04-22 17:41:46"
406,PAK3,Neither,loader,2020-04-22-17-41-48-069952,"2020-04-22 17:41:48"
407,PAK5,Neither,loader,2020-04-22-17-41-49-904315,"2020-04-22 17:41:50"
408,PALB2,"Tumor Suppressor Gene",loader,2020-04-22-17-41-55-805781,"2020-04-22 17:41:56"
409,PARP1,Neither,loader,2020-04-22-17-42-20-242961,"2020-04-22 17:42:20"
410,PAX3,Oncogene,loader,2020-04-22-17-42-23-782237,"2020-04-22 17:42:24"
411,PAX5,Oncogene,loader,2020-04-22-17-42-26-553852,"2020-04-22 17:42:27"
412,PAX7,Neither,loader,2020-04-22-17-42-28-656652,"2020-04-22 17:42:29"
413,PAX8,Neither,loader,2020-04-22-17-42-30-240267,"2020-04-22 17:42:30"
414,PBRM1,"Tumor Suppressor Gene",loader,2020-04-22-17-42-33-191529,"2020-04-22 17:42:33"
415,PDCD1,Neither,loader,2020-04-22-17-42-36-411006,"2020-04-22 17:42:36"
416,PDCD1LG2,Oncogene,loader,2020-04-22-17-42-38-551128,"2020-04-22 17:42:39"
417,PDGFRA,Oncogene,loader,2020-04-22-17-42-41-213828,"2020-04-22 17:42:41"
418,PDGFRB,Oncogene,loader,2020-04-22-17-42-43-741668,"2020-04-22 17:42:44"
419,PDK1,Neither,loader,2020-04-22-17-42-46-104464,"2020-04-22 17:42:46"
420,PDPK1,Neither,loader,2020-04-22-17-42-48-353668,"2020-04-22 17:42:48"
421,PGR,Neither,loader,2020-04-22-17-42-50-740170,"2020-04-22 17:42:51"
422,PHF6,"Tumor Suppressor Gene",loader,2020-04-22-17-42-52-173399,"2020-04-22 17:42:52"
423,PHOX2B,"Tumor Suppressor Gene",loader,2020-04-22-17-42-54-384120,"2020-04-22 17:42:54"
424,PIK3C2B,Neither,loader,2020-04-22-17-42-56-004643,"2020-04-22 17:42:56"
425,PIK3C2G,Neither,loader,2020-04-22-17-42-58-256285,"2020-04-22 17:42:58"
426,PIK3C3,Neither,loader,2020-04-22-17-43-00-615569,"2020-04-22 17:43:01"
427,PIK3CA,Oncogene,loader,2020-04-22-17-43-03-746744,"2020-04-22 17:43:04"
428,PIK3CB,Oncogene,loader,2020-04-22-17-43-06-066601,"2020-04-22 17:43:06"
429,PIK3CD,Neither,loader,2020-04-22-17-43-07-767333,"2020-04-22 17:43:08"
430,PIK3CG,Neither,loader,2020-04-22-17-43-09-827606,"2020-04-22 17:43:10"
431,PIK3R1,"Tumor Suppressor Gene",loader,2020-04-22-17-43-13-616136,"2020-04-22 17:43:14"
432,PIK3R2,Neither,loader,2020-04-22-17-43-17-166564,"2020-04-22 17:43:17"
433,PIK3R3,Neither,loader,2020-04-22-17-43-19-621067,"2020-04-22 17:43:20"
434,PIM1,Oncogene,loader,2020-04-22-17-43-22-694512,"2020-04-22 17:43:23"
435,PLCG2,Neither,loader,2020-04-22-17-43-24-277752,"2020-04-22 17:43:24"
436,PLK2,Neither,loader,2020-04-22-17-43-25-754806,"2020-04-22 17:43:26"
437,PMAIP1,Neither,loader,2020-04-22-17-43-27-472935,"2020-04-22 17:43:27"
438,PMS1,Neither,loader,2020-04-22-17-43-29-297941,"2020-04-22 17:43:29"
439,PMS2,"Tumor Suppressor Gene",loader,2020-04-22-17-43-31-363667,"2020-04-22 17:43:31"
440,PNP,Oncogene,loader,2020-04-22-17-43-33-809121,"2020-04-22 17:43:34"
441,PNRC1,Neither,loader,2020-04-22-17-43-35-324532,"2020-04-22 17:43:35"
442,POLD1,"Tumor Suppressor Gene",loader,2020-04-22-17-43-42-506304,"2020-04-22 17:43:43"
443,POLE,"Tumor Suppressor Gene",loader,2020-04-22-17-43-46-851083,"2020-04-22 17:43:47"
444,PPARG,Oncogene,loader,2020-04-22-17-43-49-941045,"2020-04-22 17:43:50"
445,PPM1D,Oncogene,loader,2020-04-22-17-43-53-818370,"2020-04-22 17:43:54"
446,PPP2R1A,Oncogene,loader,2020-04-22-17-43-57-558294,"2020-04-22 17:43:58"
447,PPP2R2A,Neither,loader,2020-04-22-17-43-59-821600,"2020-04-22 17:44:00"
448,PPP6C,"Tumor Suppressor Gene",loader,2020-04-22-17-44-04-628983,"2020-04-22 17:44:05"
449,PRDM1,"Tumor Suppressor Gene",loader,2020-04-22-17-44-07-861600,"2020-04-22 17:44:08"
450,PREX2,Oncogene,loader,2020-04-22-17-44-09-895513,"2020-04-22 17:44:10"
451,PRKAR1A,Both,loader,2020-04-22-17-44-11-781902,"2020-04-22 17:44:12"
452,PRKCI,Neither,loader,2020-04-22-17-44-14-424098,"2020-04-22 17:44:14"
453,PRKDC,Neither,loader,2020-04-22-17-44-22-546540,"2020-04-22 17:44:23"
454,PRKN,Neither,loader,2020-04-22-17-42-08-606693,"2020-04-22 17:42:09"
455,PRSS8,Neither,loader,2020-04-22-17-44-26-092043,"2020-04-22 17:44:26"
456,PTCH1,"Tumor Suppressor Gene",loader,2020-04-22-17-44-28-886585,"2020-04-22 17:44:29"
457,PTEN,"Tumor Suppressor Gene",loader,2020-04-22-17-44-32-765768,"2020-04-22 17:44:33"
458,PTPN11,Oncogene,loader,2020-04-22-17-44-35-933766,"2020-04-22 17:44:36"
459,PTPRD,"Tumor Suppressor Gene",loader,2020-04-22-17-44-38-619505,"2020-04-22 17:44:39"
460,PTPRS,Neither,loader,2020-04-22-17-44-42-777254,"2020-04-22 17:44:43"
461,PTPRT,"Tumor Suppressor Gene",loader,2020-04-22-17-44-45-759330,"2020-04-22 17:44:46"
462,PVR,Neither,Carrie.Hoefer@omniseq.com,2020-04-22-18-16-15-641447,"2020-04-22 18:16:16"
463,QKI,Both,loader,2020-04-22-17-44-50-117185,"2020-04-22 17:44:50"
464,RAB35,Neither,loader,2020-04-22-17-44-52-091742,"2020-04-22 17:44:52"
465,RAC1,Oncogene,loader,2020-04-22-17-44-55-166320,"2020-04-22 17:44:55"
466,RAD21,Both,loader,2020-04-22-17-44-59-030592,"2020-04-22 17:44:59"
467,RAD50,"Tumor Suppressor Gene",loader,2020-04-22-17-45-02-264238,"2020-04-22 17:45:02"
468,RAD51,"Tumor Suppressor Gene",loader,2020-04-22-17-45-06-241489,"2020-04-22 17:45:06"
469,RAD51B,"Tumor Suppressor Gene",loader,2020-04-22-17-45-08-183709,"2020-04-22 17:45:08"
470,RAD51C,"Tumor Suppressor Gene",loader,2020-04-22-17-45-10-796616,"2020-04-22 17:45:11"
471,RAD51D,"Tumor Suppressor Gene",loader,2020-04-22-17-45-12-651435,"2020-04-22 17:45:13"
472,RAD52,"Tumor Suppressor Gene",loader,2020-04-22-17-45-14-876119,"2020-04-22 17:45:15"
473,RAD54L,"Tumor Suppressor Gene",loader,2020-04-22-17-45-16-226123,"2020-04-22 17:45:16"
474,RAF1,Oncogene,loader,2020-04-22-17-45-19-864201,"2020-04-22 17:45:20"
475,RANBP2,"Tumor Suppressor Gene",loader,2020-04-22-17-45-27-557615,"2020-04-22 17:45:28"
476,RARA,Oncogene,loader,2020-04-22-17-45-32-340841,"2020-04-22 17:45:32"
477,RASA1,Neither,loader,2020-04-22-17-45-34-657154,"2020-04-22 17:45:35"
478,RB1,"Tumor Suppressor Gene",loader,2020-04-22-17-45-38-599917,"2020-04-22 17:45:39"
479,RBM10,"Tumor Suppressor Gene",loader,2020-04-22-17-45-41-174730,"2020-04-22 17:45:41"
480,RECQL4,Both,loader,2020-04-22-17-45-44-230481,"2020-04-22 17:45:44"
481,REL,Oncogene,loader,2020-04-22-17-45-46-121289,"2020-04-22 17:45:46"
482,RET,Oncogene,loader,2020-04-22-17-45-50-647811,"2020-04-22 17:45:51"
483,RHEB,Oncogene,loader,2020-04-22-17-45-55-081463,"2020-04-22 17:45:55"
484,RHOA,Oncogene,loader,2020-04-22-17-46-02-447964,"2020-04-22 17:46:02"
485,RICTOR,Oncogene,loader,2020-04-22-17-46-05-118443,"2020-04-22 17:46:05"
486,RIT1,Neither,loader,2020-04-22-17-46-07-370765,"2020-04-22 17:46:07"
487,RNF43,"Tumor Suppressor Gene",loader,2020-04-22-17-46-11-032494,"2020-04-22 17:46:11"
488,ROS1,Oncogene,loader,2020-04-22-17-46-13-370828,"2020-04-22 17:46:13"
489,RPS6KA4,Neither,loader,2020-04-22-17-46-15-077837,"2020-04-22 17:46:15"
490,RPS6KB1,Oncogene,loader,2020-04-22-17-46-23-325895,"2020-04-22 17:46:23"
491,RPS6KB2,Neither,loader,2020-04-22-17-46-26-827619,"2020-04-22 17:46:27"
492,RPTOR,Neither,loader,2020-04-22-17-46-29-013545,"2020-04-22 17:46:29"
493,RUNX1,Both,loader,2020-04-22-17-46-34-227017,"2020-04-22 17:46:34"
494,RUNX1T1,Both,loader,2020-04-22-17-46-38-521405,"2020-04-22 17:46:39"
495,RYBP,Neither,loader,2020-04-22-17-46-44-957048,"2020-04-22 17:46:45"
496,SDHA,"Tumor Suppressor Gene",loader,2020-04-22-17-46-48-100294,"2020-04-22 17:46:48"
497,SDHAF2,"Tumor Suppressor Gene",loader,2020-04-22-17-46-50-268208,"2020-04-22 17:46:50"
498,SDHB,"Tumor Suppressor Gene",loader,2020-04-22-17-46-52-148005,"2020-04-22 17:46:52"
499,SDHC,"Tumor Suppressor Gene",loader,2020-04-22-17-46-54-270619,"2020-04-22 17:46:54"
500,SDHD,"Tumor Suppressor Gene",loader,2020-04-22-17-46-57-366016,"2020-04-22 17:46:57"
501,SETBP1,"Tumor Suppressor Gene",loader,2020-04-22-17-46-59-551242,"2020-04-22 17:47:00"
502,SETD2,"Tumor Suppressor Gene",loader,2020-04-22-17-47-07-392201,"2020-04-22 17:47:07"
503,SF3B1,Oncogene,loader,2020-04-22-17-47-12-787255,"2020-04-22 17:47:13"
504,SH2B3,"Tumor Suppressor Gene",loader,2020-04-22-17-47-15-053528,"2020-04-22 17:47:15"
505,SH2D1A,Neither,loader,2020-04-22-17-47-18-143287,"2020-04-22 17:47:18"
506,SHQ1,Neither,loader,2020-04-22-17-47-20-053484,"2020-04-22 17:47:20"
507,SLIT2,Neither,loader,2020-04-22-17-47-22-526911,"2020-04-22 17:47:23"
508,SLX4,"Tumor Suppressor Gene",loader,2020-04-22-17-47-25-558385,"2020-04-22 17:47:26"
509,SMAD2,"Tumor Suppressor Gene",loader,2020-04-22-17-47-28-628296,"2020-04-22 17:47:29"
510,SMAD3,"Tumor Suppressor Gene",loader,2020-04-22-17-47-31-333998,"2020-04-22 17:47:31"
511,SMAD4,"Tumor Suppressor Gene",loader,2020-04-22-17-47-34-021246,"2020-04-22 17:47:34"
512,SMARCA4,"Tumor Suppressor Gene",loader,2020-04-22-17-47-36-348964,"2020-04-22 17:47:36"
513,SMARCB1,"Tumor Suppressor Gene",loader,2020-04-22-17-47-39-312852,"2020-04-22 17:47:39"
514,SMARCD1,"Tumor Suppressor Gene",loader,2020-04-22-17-47-43-632860,"2020-04-22 17:47:44"
515,SMC1A,"Tumor Suppressor Gene",loader,2020-04-22-17-47-46-453401,"2020-04-22 17:47:46"
516,SMC3,Neither,loader,2020-04-22-17-47-49-866391,"2020-04-22 17:47:50"
517,SMO,Oncogene,loader,2020-04-22-17-47-51-881736,"2020-04-22 17:47:52"
518,SNCAIP,Neither,loader,2020-04-22-17-47-53-885324,"2020-04-22 17:47:54"
519,SOCS1,"Tumor Suppressor Gene",loader,2020-04-22-17-47-56-766690,"2020-04-22 17:47:57"
520,SOX10,Neither,loader,2020-04-22-17-48-00-270411,"2020-04-22 17:48:00"
521,SOX17,Neither,loader,2020-04-22-17-48-02-264700,"2020-04-22 17:48:02"
522,SOX2,Oncogene,loader,2020-04-22-17-48-04-486864,"2020-04-22 17:48:04"
523,SOX9,Neither,loader,2020-04-22-17-48-07-494995,"2020-04-22 17:48:07"
524,SPEN,"Tumor Suppressor Gene",loader,2020-04-22-17-48-09-887608,"2020-04-22 17:48:10"
525,SPOP,Oncogene,loader,2020-04-22-17-48-12-634061,"2020-04-22 17:48:13"
526,SPTA1,Neither,loader,2020-04-22-17-48-15-095948,"2020-04-22 17:48:15"
527,SRC,Oncogene,loader,2020-04-22-17-48-22-128012,"2020-04-22 17:48:22"
528,SRSF2,Oncogene,loader,2020-04-22-17-48-25-384625,"2020-04-22 17:48:25"
529,SSX2,Neither,Carrie.Hoefer@omniseq.com,2020-04-22-18-16-18-429416,"2020-04-22 18:16:18"
530,STAG1,"Tumor Suppressor Gene",loader,2020-04-22-17-48-26-952760,"2020-04-22 17:48:27"
531,STAG2,"Tumor Suppressor Gene",loader,2020-04-22-17-48-29-982740,"2020-04-22 17:48:30"
532,STAT1,Neither,loader,2020-04-22-17-48-33-968059,"2020-04-22 17:48:34"
533,STAT3,Oncogene,loader,2020-04-22-17-48-42-732593,"2020-04-22 17:48:43"
534,STAT4,Neither,loader,2020-04-22-17-48-45-439715,"2020-04-22 17:48:45"
535,STAT5A,Neither,loader,2020-04-22-17-48-48-555505,"2020-04-22 17:48:49"
536,STAT5B,Both,loader,2020-04-22-17-48-50-530383,"2020-04-22 17:48:51"
537,STK11,"Tumor Suppressor Gene",loader,2020-04-22-17-48-53-589899,"2020-04-22 17:48:54"
538,STK40,Neither,loader,2020-04-22-17-48-55-260837,"2020-04-22 17:48:55"
539,SUFU,"Tumor Suppressor Gene",loader,2020-04-22-17-49-02-267344,"2020-04-22 17:49:02"
540,SUZ12,Both,loader,2020-04-22-17-49-06-024470,"2020-04-22 17:49:06"
541,SYK,Oncogene,loader,2020-04-22-17-49-09-985128,"2020-04-22 17:49:10"
542,TAF1,Neither,loader,2020-04-22-17-49-14-911534,"2020-04-22 17:49:15"
543,TBX21,Neither,loader,2020-04-22-17-49-18-700183,"2020-04-22 17:49:19"
544,TBX3,Both,loader,2020-04-22-17-49-21-416218,"2020-04-22 17:49:21"
545,TCF3,Both,loader,2020-04-22-17-49-25-149767,"2020-04-22 17:49:25"
546,TCF7L2,Oncogene,loader,2020-04-22-17-49-28-633558,"2020-04-22 17:49:29"
547,TENT5C,Neither,loader,2020-04-22-17-30-39-389430,"2020-04-22 17:30:39"
548,TERC,Neither,loader,2020-04-22-17-49-29-434730,"2020-04-22 17:49:29"
549,TERT,Oncogene,loader,2020-04-22-17-49-32-629084,"2020-04-22 17:49:33"
550,TET1,Both,loader,2020-04-22-17-49-35-712357,"2020-04-22 17:49:36"
551,TET2,"Tumor Suppressor Gene",loader,2020-04-22-17-49-38-984539,"2020-04-22 17:49:39"
552,TFE3,Oncogene,loader,2020-04-22-17-49-41-964091,"2020-04-22 17:49:42"
553,TFRC,Neither,loader,2020-04-22-17-49-44-522612,"2020-04-22 17:49:45"
554,TGFB1,Neither,loader,2020-04-22-17-49-47-462782,"2020-04-22 17:49:47"
555,TGFBR1,Neither,loader,2020-04-22-17-49-49-958806,"2020-04-22 17:49:50"
556,TGFBR2,"Tumor Suppressor Gene",loader,2020-04-22-17-49-52-160955,"2020-04-22 17:49:52"
557,TIAF1,Oncogene,loader,2020-04-22-17-49-54-328600,"2020-04-22 17:49:54"
558,TIGIT,Neither,Carrie.Hoefer@omniseq.com,2020-04-22-18-16-22-733289,"2020-04-22 18:16:23"
559,TLR7,Neither,Carrie.Hoefer@omniseq.com,2020-04-22-18-16-27-172338,"2020-04-22 18:16:27"
560,TLR8,Neither,Carrie.Hoefer@omniseq.com,2020-04-22-18-16-36-396851,"2020-04-22 18:16:36"
561,TLR9,Neither,Carrie.Hoefer@omniseq.com,2020-04-22-18-16-41-056731,"2020-04-22 18:16:41"
562,TMEM127,"Tumor Suppressor Gene",loader,2020-04-22-17-49-56-356129,"2020-04-22 17:49:56"
563,TMPRSS2,Neither,loader,2020-04-22-17-49-59-977618,"2020-04-22 17:50:00"
564,TNF,Neither,loader,2020-04-22-17-50-04-127358,"2020-04-22 17:50:04"
565,TNFAIP3,"Tumor Suppressor Gene",loader,2020-04-22-17-50-07-143997,"2020-04-22 17:50:07"
566,TNFRSF14,"Tumor Suppressor Gene",loader,2020-04-22-17-50-10-193803,"2020-04-22 17:50:10"
567,TNFRSF18,Neither,loader,2020-04-22-17-50-11-869053,"2020-04-22 17:50:12"
568,TNFRSF4,Neither,loader,2020-04-22-17-50-13-390373,"2020-04-22 17:50:13"
569,TNFRSF9,Neither,loader,2020-04-22-17-50-15-449278,"2020-04-22 17:50:15"
570,TNFSF4,Neither,loader,2020-04-22-17-50-18-320728,"2020-04-22 17:50:18"
571,TOP1,Oncogene,loader,2020-04-22-17-50-20-380331,"2020-04-22 17:50:20"
572,TOP2A,Neither,loader,2020-04-22-17-50-24-007816,"2020-04-22 17:50:24"
573,TP53,"Tumor Suppressor Gene",loader,2020-04-22-17-50-30-548240,"2020-04-22 17:50:31"
574,TP63,Both,loader,2020-04-22-17-50-33-168692,"2020-04-22 17:50:33"
575,TRAF2,Neither,loader,2020-04-22-17-50-35-826636,"2020-04-22 17:50:36"
576,TRAF7,"Tumor Suppressor Gene",loader,2020-04-22-17-50-38-751558,"2020-04-22 17:50:39"
577,TSC1,"Tumor Suppressor Gene",loader,2020-04-22-17-50-44-164328,"2020-04-22 17:50:44"
578,TSC2,"Tumor Suppressor Gene",loader,2020-04-22-17-50-48-425736,"2020-04-22 17:50:48"
579,TSHR,Oncogene,loader,2020-04-22-17-50-52-010155,"2020-04-22 17:50:52"
580,U2AF1,Oncogene,loader,2020-04-22-17-50-53-665166,"2020-04-22 17:50:54"
581,VEGFA,Neither,loader,2020-04-22-17-50-56-224755,"2020-04-22 17:50:56"
582,VHL,"Tumor Suppressor Gene",loader,2020-04-22-17-50-59-543631,"2020-04-22 17:51:00"
583,VSIR,Neither,loader,2020-04-22-17-24-16-087225,"2020-04-22 17:24:16"
584,VTCN1,Neither,loader,2020-04-22-17-51-01-899951,"2020-04-22 17:51:02"
585,WT1,"Tumor Suppressor Gene",loader,2020-04-22-17-51-08-629547,"2020-04-22 17:51:09"
586,XIAP,Neither,loader,2020-04-22-17-51-11-270556,"2020-04-22 17:51:11"
587,XPO1,Oncogene,loader,2020-04-22-17-51-13-853760,"2020-04-22 17:51:14"
588,XRCC2,Neither,loader,2020-04-22-17-51-16-245875,"2020-04-22 17:51:16"
589,YAP1,Neither,loader,2020-04-22-17-51-22-744782,"2020-04-22 17:51:23"
590,YES1,Neither,loader,2020-04-22-17-51-24-989080,"2020-04-22 17:51:25"
591,ZBTB2,Neither,loader,2020-04-22-17-51-27-618083,"2020-04-22 17:51:28"
592,ZBTB7A,Neither,loader,2020-04-22-17-51-32-126539,"2020-04-22 17:51:32"
593,ZFHX3,"Tumor Suppressor Gene",loader,2020-04-22-17-51-37-225639,"2020-04-22 17:51:37"
594,ZNF217,Oncogene,loader,2020-04-22-17-51-39-284104,"2020-04-22 17:51:39"
595,ZNF703,Neither,loader,2020-04-22-17-51-41-228273,"2020-04-22 17:51:41"
596,ZRSR2,"Tumor Suppressor Gene",loader,2020-04-22-17-51-42-801078,"2020-04-22 17:51:43"
