id,gene_name,synonym,editor,edit_date_string,edited_date
1,ABL1,ABL1,loader,2020-04-22-17-20-57-009392,"2020-04-22 17:20:57"
2,ABL2,ABL2,loader,2020-04-22-17-20-59-166361,"2020-04-22 17:20:59"
3,ABRAXAS1,FAM175A,loader,2020-04-22-17-30-36-728437,"2020-04-22 17:30:37"
4,ACVR1,ACVR1,loader,2020-04-22-17-21-01-224479,"2020-04-22 17:21:01"
5,ACVR1B,ACVR1B,loader,2020-04-22-17-21-03-499071,"2020-04-22 17:21:03"
6,ACVRL1,ACVRL1,loader,2020-04-22-17-21-05-978738,"2020-04-22 17:21:06"
7,ADGRA2,GPR124,loader,2020-04-22-17-33-21-459963,"2020-04-22 17:33:21"
8,ADORA2A,ADORA2A,loader,2020-04-22-17-21-08-446636,"2020-04-22 17:21:08"
9,AKT1,AKT1,loader,2020-04-22-17-21-20-404464,"2020-04-22 17:21:20"
10,AKT2,AKT2,loader,2020-04-22-17-21-25-256582,"2020-04-22 17:21:25"
11,AKT3,AKT3,loader,2020-04-22-17-21-27-386614,"2020-04-22 17:21:27"
12,ALK,ALK,loader,2020-04-22-17-21-29-607573,"2020-04-22 17:21:30"
13,ALOX12B,ALOX12B,loader,2020-04-22-17-21-32-055978,"2020-04-22 17:21:32"
14,AMER1,FAM123B,loader,2020-04-22-17-30-35-106516,"2020-04-22 17:30:35"
15,ANKRD11,ANKRD11,loader,2020-04-22-17-21-34-928008,"2020-04-22 17:21:35"
16,ANKRD26,ANKRD26,loader,2020-04-22-17-21-36-480737,"2020-04-22 17:21:36"
17,APC,APC,loader,2020-04-22-17-21-39-748046,"2020-04-22 17:21:40"
18,APEX1,APEX1,loader,2020-04-22-17-21-41-997859,"2020-04-22 17:21:42"
19,AR,AR,loader,2020-04-22-17-21-45-719452,"2020-04-22 17:21:46"
20,ARAF,ARAF,loader,2020-04-22-17-21-48-041137,"2020-04-22 17:21:48"
21,ARFRP1,ARFRP1,loader,2020-04-22-17-21-49-598572,"2020-04-22 17:21:50"
22,ARID1A,ARID1A,loader,2020-04-22-17-21-52-135120,"2020-04-22 17:21:52"
23,ARID1B,ARID1B,loader,2020-04-22-17-21-55-004454,"2020-04-22 17:21:55"
24,ARID2,ARID2,loader,2020-04-22-17-21-56-821538,"2020-04-22 17:21:57"
25,ARID5B,ARID5B,loader,2020-04-22-17-21-59-557087,"2020-04-22 17:22:00"
26,ASXL1,ASXL1,loader,2020-04-22-17-22-02-681979,"2020-04-22 17:22:03"
27,ASXL2,ASXL2,loader,2020-04-22-17-22-05-386456,"2020-04-22 17:22:05"
28,ATM,ATM,loader,2020-04-22-17-22-12-848303,"2020-04-22 17:22:13"
29,ATP11B,ATP11B,loader,2020-04-22-17-22-16-588501,"2020-04-22 17:22:17"
30,ATR,ATR,loader,2020-04-22-17-22-18-754858,"2020-04-22 17:22:19"
31,ATRX,ATRX,loader,2020-04-22-17-22-21-913443,"2020-04-22 17:22:22"
32,AURKA,AURKA,loader,2020-04-22-17-22-26-067839,"2020-04-22 17:22:26"
33,AURKB,AURKB,loader,2020-04-22-17-22-29-278614,"2020-04-22 17:22:29"
34,AXIN1,AXIN1,loader,2020-04-22-17-22-34-216433,"2020-04-22 17:22:34"
35,AXIN2,AXIN2,loader,2020-04-22-17-22-36-236791,"2020-04-22 17:22:36"
36,AXL,AXL,loader,2020-04-22-17-22-39-650484,"2020-04-22 17:22:40"
37,B2M,B2M,loader,2020-04-22-17-22-42-855119,"2020-04-22 17:22:43"
38,BAP1,BAP1,loader,2020-04-22-17-22-50-640618,"2020-04-22 17:22:51"
39,BARD1,BARD1,loader,2020-04-22-17-22-53-885287,"2020-04-22 17:22:54"
40,BBC3,BBC3,loader,2020-04-22-17-22-56-906822,"2020-04-22 17:22:57"
41,BCL10,BCL10,loader,2020-04-22-17-22-59-963566,"2020-04-22 17:23:00"
42,BCL2,BCL2,loader,2020-04-22-17-23-02-748985,"2020-04-22 17:23:03"
43,BCL2L1,BCL2L1,loader,2020-04-22-17-23-05-355180,"2020-04-22 17:23:05"
44,BCL2L11,BCL2L11,loader,2020-04-22-17-23-08-001187,"2020-04-22 17:23:08"
45,BCL2L2,BCL2L2,loader,2020-04-22-17-23-09-847353,"2020-04-22 17:23:10"
46,BCL6,BCL6,loader,2020-04-22-17-23-11-839484,"2020-04-22 17:23:12"
47,BCL9,BCL9,loader,2020-04-22-17-23-13-429346,"2020-04-22 17:23:13"
48,BCOR,BCOR,loader,2020-04-22-17-23-15-556754,"2020-04-22 17:23:16"
49,BCORL1,BCORL1,loader,2020-04-22-17-23-18-539787,"2020-04-22 17:23:19"
50,BCR,BCR,loader,2020-04-22-17-23-22-946401,"2020-04-22 17:23:23"
51,BIRC2,BIRC2,loader,2020-04-22-17-23-25-608431,"2020-04-22 17:23:26"
52,BIRC3,BIRC3,loader,2020-04-22-17-23-27-988711,"2020-04-22 17:23:28"
53,BLM,BLM,loader,2020-04-22-17-23-40-348555,"2020-04-22 17:23:40"
54,BMPR1A,BMPR1A,loader,2020-04-22-17-23-43-346057,"2020-04-22 17:23:43"
55,BRAF,BRAF,loader,2020-04-22-17-23-47-022034,"2020-04-22 17:23:47"
56,BRCA1,BRCA1,loader,2020-04-22-17-23-51-689834,"2020-04-22 17:23:52"
57,BRCA2,BRCA2,loader,2020-04-22-17-23-55-530590,"2020-04-22 17:23:56"
58,BRD4,BRD4,loader,2020-04-22-17-24-01-850173,"2020-04-22 17:24:02"
59,BRIP1,BRIP1,loader,2020-04-22-17-24-05-042552,"2020-04-22 17:24:05"
60,BTG1,BTG1,loader,2020-04-22-17-24-07-033688,"2020-04-22 17:24:07"
61,BTK,BTK,loader,2020-04-22-17-24-09-753403,"2020-04-22 17:24:10"
62,BTLA,BTLA,loader,2020-04-22-17-24-13-237333,"2020-04-22 17:24:13"
63,CALR,CALR,loader,2020-04-22-17-24-22-753274,"2020-04-22 17:24:23"
64,CARD11,CARD11,loader,2020-04-22-17-24-25-372446,"2020-04-22 17:24:25"
65,CASP8,CASP8,loader,2020-04-22-17-24-28-451229,"2020-04-22 17:24:28"
66,CBFB,CBFB,loader,2020-04-22-17-24-30-070779,"2020-04-22 17:24:30"
67,CBL,CBL,loader,2020-04-22-17-24-32-220731,"2020-04-22 17:24:32"
68,CCL2,CCL2,loader,2020-04-22-17-24-35-653207,"2020-04-22 17:24:36"
69,CCN6,WISP3,loader,2020-04-22-17-51-04-242013,"2020-04-22 17:51:04"
70,CCND1,CCND1,loader,2020-04-22-17-24-37-864869,"2020-04-22 17:24:38"
71,CCND2,CCND2,loader,2020-04-22-17-24-39-423959,"2020-04-22 17:24:39"
72,CCND3,CCND3,loader,2020-04-22-17-24-41-583113,"2020-04-22 17:24:42"
73,CCNE1,CCNE1,loader,2020-04-22-17-24-43-224835,"2020-04-22 17:24:43"
74,CCR2,CCR2,loader,2020-04-22-17-24-46-200899,"2020-04-22 17:24:46"
75,CD163,CD163,loader,2020-04-22-17-24-49-280306,"2020-04-22 17:24:49"
76,CD2,CD2,loader,2020-04-22-17-24-50-884160,"2020-04-22 17:24:51"
77,CD244,CD244,loader,2020-04-22-17-24-54-847930,"2020-04-22 17:24:55"
78,CD27,CD27,loader,2020-04-22-17-24-57-014172,"2020-04-22 17:24:57"
79,CD274,CD274,loader,2020-04-22-17-25-01-035165,"2020-04-22 17:25:01"
80,CD276,CD276,loader,2020-04-22-17-25-04-808592,"2020-04-22 17:25:05"
81,CD28,CD28,loader,2020-04-22-17-25-08-095956,"2020-04-22 17:25:08"
82,CD38,CD38,loader,2020-04-22-17-25-18-035640,"2020-04-22 17:25:18"
83,CD3D,CD3D,loader,2020-04-22-17-25-09-938339,"2020-04-22 17:25:10"
84,CD3E,CD3E,loader,2020-04-22-17-25-13-262367,"2020-04-22 17:25:13"
85,CD3G,CD3G,loader,2020-04-22-17-25-15-620134,"2020-04-22 17:25:16"
86,CD4,CD4,loader,2020-04-22-17-25-20-373380,"2020-04-22 17:25:20"
87,CD40,CD40,loader,2020-04-22-17-25-23-262556,"2020-04-22 17:25:23"
88,CD40LG,CD40LG,loader,2020-04-22-17-25-25-885557,"2020-04-22 17:25:26"
89,CD44,CD44,loader,2020-04-22-17-25-34-530055,"2020-04-22 17:25:35"
90,CD68,CD68,loader,2020-04-22-17-25-38-081321,"2020-04-22 17:25:38"
91,CD74,CD74,loader,2020-04-22-17-25-40-013582,"2020-04-22 17:25:40"
92,CD79A,CD79A,loader,2020-04-22-17-25-42-270538,"2020-04-22 17:25:42"
93,CD79B,CD79B,loader,2020-04-22-17-25-43-977677,"2020-04-22 17:25:44"
94,CD80,CD80,loader,2020-04-22-17-25-49-529777,"2020-04-22 17:25:50"
95,CD86,CD86,loader,2020-04-22-17-25-51-249523,"2020-04-22 17:25:51"
96,CD8A,CD8A,loader,2020-04-22-17-25-53-594697,"2020-04-22 17:25:54"
97,CD8A,CD8A,loader,2020-04-22-17-25-53-594697,"2020-04-22 17:25:54"
98,CD8B,CD8B,loader,2020-04-22-17-25-55-342364,"2020-04-22 17:25:55"
99,CD8B,CD8B,loader,2020-04-22-17-25-55-342364,"2020-04-22 17:25:55"
100,CDC73,CDC73,loader,2020-04-22-17-25-57-609214,"2020-04-22 17:25:58"
101,CDH1,CDH1,loader,2020-04-22-17-26-03-333171,"2020-04-22 17:26:03"
102,CDK12,CDK12,loader,2020-04-22-17-26-05-398402,"2020-04-22 17:26:05"
103,CDK4,CDK4,loader,2020-04-22-17-26-08-878866,"2020-04-22 17:26:09"
104,CDK6,CDK6,loader,2020-04-22-17-26-11-719259,"2020-04-22 17:26:12"
105,CDK8,CDK8,loader,2020-04-22-17-26-13-865570,"2020-04-22 17:26:14"
106,CDKN1A,CDKN1A,loader,2020-04-22-17-26-18-237602,"2020-04-22 17:26:18"
107,CDKN1B,CDKN1B,loader,2020-04-22-17-26-20-992253,"2020-04-22 17:26:21"
108,CDKN2A,CDKN2A,loader,2020-04-22-17-26-24-107702,"2020-04-22 17:26:24"
109,CDKN2B,CDKN2B,loader,2020-04-22-17-26-25-828464,"2020-04-22 17:26:26"
110,CDKN2C,CDKN2C,loader,2020-04-22-17-26-28-794281,"2020-04-22 17:26:29"
111,CEBPA,CEBPA,loader,2020-04-22-17-26-31-300914,"2020-04-22 17:26:31"
112,CENPA,CENPA,loader,2020-04-22-17-26-40-336210,"2020-04-22 17:26:40"
113,CHD2,CHD2,loader,2020-04-22-17-26-43-215145,"2020-04-22 17:26:43"
114,CHD4,CHD4,loader,2020-04-22-17-26-45-582744,"2020-04-22 17:26:46"
115,CHEK1,CHEK1,loader,2020-04-22-17-26-48-196653,"2020-04-22 17:26:48"
116,CHEK2,CHEK2,loader,2020-04-22-17-26-51-316671,"2020-04-22 17:26:51"
117,CIC,CIC,loader,2020-04-22-17-26-53-219308,"2020-04-22 17:26:53"
118,COP1,RFWD2,loader,2020-04-22-17-45-53-077090,"2020-04-22 17:45:53"
119,CREBBP,CREBBP,loader,2020-04-22-17-27-01-130974,"2020-04-22 17:27:01"
120,CRKL,CRKL,loader,2020-04-22-17-27-04-578370,"2020-04-22 17:27:05"
121,CRLF2,CRLF2,loader,2020-04-22-17-27-06-147087,"2020-04-22 17:27:06"
122,CSF1R,CSF1R,loader,2020-04-22-17-27-10-118045,"2020-04-22 17:27:10"
123,CSF3R,CSF3R,loader,2020-04-22-17-27-12-612356,"2020-04-22 17:27:13"
124,CSNK1A1,CSNK1A1,loader,2020-04-22-17-27-15-853929,"2020-04-22 17:27:16"
125,CSNK2A1,CSNK2A1,loader,2020-04-22-17-27-23-908314,"2020-04-22 17:27:24"
126,CTAG1B,CTAG1B,Carrie.Hoefer@omniseq.com,2020-04-22-18-15-26-766208,"2020-04-22 18:15:27"
127,CTAG2,CTAG2,Carrie.Hoefer@omniseq.com,2020-04-22-18-15-30-260638,"2020-04-22 18:15:30"
128,CTCF,CTCF,loader,2020-04-22-17-27-29-029288,"2020-04-22 17:27:29"
129,CTLA4,CTLA4,loader,2020-04-22-17-27-31-290049,"2020-04-22 17:27:31"
130,CTNNA1,CTNNA1,loader,2020-04-22-17-27-34-436950,"2020-04-22 17:27:34"
131,CTNNB1,CTNNB1,loader,2020-04-22-17-27-43-598336,"2020-04-22 17:27:44"
132,CUL3,CUL3,loader,2020-04-22-17-28-00-408754,"2020-04-22 17:28:00"
133,CUX1,CUX1,loader,2020-04-22-17-28-05-076378,"2020-04-22 17:28:05"
134,CXCL10,CXCL10,loader,2020-04-22-17-28-08-962294,"2020-04-22 17:28:09"
135,CXCR2,CXCR2,Carrie.Hoefer@omniseq.com,2020-04-22-18-15-38-558718,"2020-04-22 18:15:39"
136,CXCR4,CXCR4,loader,2020-04-22-17-28-14-627272,"2020-04-22 17:28:15"
137,CXCR6,CXCR6,loader,2020-04-22-17-28-16-457802,"2020-04-22 17:28:16"
138,CYLD,CYLD,loader,2020-04-22-17-28-24-478101,"2020-04-22 17:28:24"
139,DAXX,DAXX,loader,2020-04-22-17-28-29-815794,"2020-04-22 17:28:30"
140,DCUN1D1,DCUN1D1,loader,2020-04-22-17-28-32-863927,"2020-04-22 17:28:33"
141,DDR2,DDR2,loader,2020-04-22-17-28-36-294039,"2020-04-22 17:28:36"
142,DDX41,DDX41,loader,2020-04-22-17-28-38-831492,"2020-04-22 17:28:39"
143,DDX58,DDX58,loader,2020-04-22-17-28-42-178692,"2020-04-22 17:28:42"
144,DHX15,DHX15,loader,2020-04-22-17-28-43-999308,"2020-04-22 17:28:44"
145,DICER1,DICER1,loader,2020-04-22-17-28-46-458156,"2020-04-22 17:28:46"
146,DIS3,DIS3,loader,2020-04-22-17-28-48-021266,"2020-04-22 17:28:48"
147,DNAJB1,DNAJB1,loader,2020-04-22-17-28-50-190887,"2020-04-22 17:28:50"
148,DNMT1,DNMT1,loader,2020-04-22-17-28-52-977821,"2020-04-22 17:28:53"
149,DNMT3A,DNMT3A,loader,2020-04-22-17-28-55-052729,"2020-04-22 17:28:55"
150,DNMT3B,DNMT3B,loader,2020-04-22-17-28-57-988085,"2020-04-22 17:28:58"
151,DOT1L,DOT1L,loader,2020-04-22-17-29-00-509598,"2020-04-22 17:29:01"
152,E2F3,E2F3,loader,2020-04-22-17-29-02-082649,"2020-04-22 17:29:02"
153,EED,EED,loader,2020-04-22-17-29-03-946568,"2020-04-22 17:29:04"
154,EGFL7,EGFL7,loader,2020-04-22-17-29-06-289980,"2020-04-22 17:29:06"
155,EGFR,EGFR,loader,2020-04-22-17-29-14-591250,"2020-04-22 17:29:15"
156,EIF1AX,EIF1AX,loader,2020-04-22-17-29-17-499052,"2020-04-22 17:29:17"
157,EIF4A2,EIF4A2,loader,2020-04-22-17-29-20-136914,"2020-04-22 17:29:20"
158,EIF4E,EIF4E,loader,2020-04-22-17-29-23-005873,"2020-04-22 17:29:23"
159,ELOC,TCEB1,loader,2020-04-22-17-49-23-077905,"2020-04-22 17:49:23"
160,EML4,EML4,loader,2020-04-22-17-29-24-625237,"2020-04-22 17:29:25"
161,EMSY,C11orf30,loader,2020-04-22-17-24-19-695765,"2020-04-22 17:24:20"
162,ENTPD1,ENTPD1,loader,2020-04-22-17-29-27-054336,"2020-04-22 17:29:27"
163,EP300,EP300,loader,2020-04-22-17-29-37-605680,"2020-04-22 17:29:38"
164,EPCAM,EPCAM,loader,2020-04-22-17-29-41-188870,"2020-04-22 17:29:41"
165,EPHA3,EPHA3,loader,2020-04-22-17-29-43-136110,"2020-04-22 17:29:43"
166,EPHA5,EPHA5,loader,2020-04-22-17-29-44-673344,"2020-04-22 17:29:45"
167,EPHA7,EPHA7,loader,2020-04-22-17-29-46-986947,"2020-04-22 17:29:47"
168,EPHB1,EPHB1,loader,2020-04-22-17-29-49-118719,"2020-04-22 17:29:49"
169,ERBB2,ERBB2,loader,2020-04-22-17-29-52-131396,"2020-04-22 17:29:52"
170,ERBB3,ERBB3,loader,2020-04-22-17-29-55-326050,"2020-04-22 17:29:55"
171,ERBB4,ERBB4,loader,2020-04-22-17-29-58-944558,"2020-04-22 17:29:59"
172,ERCC1,ERCC1,loader,2020-04-22-17-30-00-706345,"2020-04-22 17:30:01"
173,ERCC2,ERCC2,loader,2020-04-22-17-30-03-373963,"2020-04-22 17:30:03"
174,ERCC3,ERCC3,loader,2020-04-22-17-30-05-550236,"2020-04-22 17:30:06"
175,ERCC4,ERCC4,loader,2020-04-22-17-30-08-123011,"2020-04-22 17:30:08"
176,ERCC5,ERCC5,loader,2020-04-22-17-30-09-912140,"2020-04-22 17:30:10"
177,ERG,ERG,loader,2020-04-22-17-30-11-704341,"2020-04-22 17:30:12"
178,ERRFI1,ERRFI1,loader,2020-04-22-17-30-13-223366,"2020-04-22 17:30:13"
179,ESR1,ESR1,loader,2020-04-22-17-30-16-760928,"2020-04-22 17:30:17"
180,ETS1,ETS1,loader,2020-04-22-17-30-18-916303,"2020-04-22 17:30:19"
181,ETV1,ETV1,loader,2020-04-22-17-30-21-338977,"2020-04-22 17:30:21"
182,ETV4,ETV4,loader,2020-04-22-17-30-22-853521,"2020-04-22 17:30:23"
183,ETV5,ETV5,loader,2020-04-22-17-30-24-563290,"2020-04-22 17:30:25"
184,ETV6,ETV6,loader,2020-04-22-17-30-26-386952,"2020-04-22 17:30:26"
185,EWSR1,EWSR1,loader,2020-04-22-17-30-28-761212,"2020-04-22 17:30:29"
186,EZH2,EZH2,loader,2020-04-22-17-30-32-567221,"2020-04-22 17:30:33"
187,FANCA,FANCA,loader,2020-04-22-17-30-41-722487,"2020-04-22 17:30:42"
188,FANCC,FANCC,loader,2020-04-22-17-30-43-172385,"2020-04-22 17:30:43"
189,FANCD2,FANCD2,loader,2020-04-22-17-30-45-664734,"2020-04-22 17:30:46"
190,FANCE,FANCE,loader,2020-04-22-17-30-47-368672,"2020-04-22 17:30:47"
191,FANCF,FANCF,loader,2020-04-22-17-30-48-947323,"2020-04-22 17:30:49"
192,FANCG,FANCG,loader,2020-04-22-17-30-50-580821,"2020-04-22 17:30:51"
193,FANCI,FANCI,loader,2020-04-22-17-30-52-515658,"2020-04-22 17:30:53"
194,FANCL,FANCL,loader,2020-04-22-17-30-56-614677,"2020-04-22 17:30:57"
195,FAS,FAS,loader,2020-04-22-17-31-00-143064,"2020-04-22 17:31:00"
196,FAT1,FAT1,loader,2020-04-22-17-31-01-834224,"2020-04-22 17:31:02"
197,FBXW7,FBXW7,loader,2020-04-22-17-31-10-374098,"2020-04-22 17:31:10"
198,FGF1,FGF1,loader,2020-04-22-17-31-15-575884,"2020-04-22 17:31:16"
199,FGF10,FGF10,loader,2020-04-22-17-31-18-317095,"2020-04-22 17:31:18"
200,FGF14,FGF14,loader,2020-04-22-17-31-20-547184,"2020-04-22 17:31:21"
201,FGF19,FGF19,loader,2020-04-22-17-31-21-981511,"2020-04-22 17:31:22"
202,FGF2,FGF2,loader,2020-04-22-17-31-25-776029,"2020-04-22 17:31:26"
203,FGF23,FGF23,loader,2020-04-22-17-31-27-431413,"2020-04-22 17:31:27"
204,FGF3,FGF3,loader,2020-04-22-17-31-29-608950,"2020-04-22 17:31:30"
205,FGF4,FGF4,loader,2020-04-22-17-31-31-013185,"2020-04-22 17:31:31"
206,FGF5,FGF5,loader,2020-04-22-17-31-32-591709,"2020-04-22 17:31:33"
207,FGF6,FGF6,loader,2020-04-22-17-31-34-100645,"2020-04-22 17:31:34"
208,FGF7,FGF7,loader,2020-04-22-17-31-35-542131,"2020-04-22 17:31:36"
209,FGF8,FGF8,loader,2020-04-22-17-31-38-153602,"2020-04-22 17:31:38"
210,FGF9,FGF9,loader,2020-04-22-17-31-40-685229,"2020-04-22 17:31:41"
211,FGFR1,FGFR1,loader,2020-04-22-17-31-43-175860,"2020-04-22 17:31:43"
212,FGFR2,FGFR2,loader,2020-04-22-17-31-45-408943,"2020-04-22 17:31:45"
213,FGFR3,FGFR3,loader,2020-04-22-17-31-47-895682,"2020-04-22 17:31:48"
214,FGFR4,FGFR4,loader,2020-04-22-17-31-49-711188,"2020-04-22 17:31:50"
215,FH,FH,loader,2020-04-22-17-31-52-233134,"2020-04-22 17:31:52"
216,FLCN,FLCN,loader,2020-04-22-17-31-58-880769,"2020-04-22 17:31:59"
217,FLI1,FLI1,loader,2020-04-22-17-32-03-170569,"2020-04-22 17:32:03"
218,FLT1,FLT1,loader,2020-04-22-17-32-05-871900,"2020-04-22 17:32:06"
219,FLT3,FLT3,loader,2020-04-22-17-32-08-665696,"2020-04-22 17:32:09"
220,FLT4,FLT4,loader,2020-04-22-17-32-10-515671,"2020-04-22 17:32:11"
221,FOXA1,FOXA1,loader,2020-04-22-17-32-12-773581,"2020-04-22 17:32:13"
222,FOXL2,FOXL2,loader,2020-04-22-17-32-14-443322,"2020-04-22 17:32:14"
223,FOXO1,FOXO1,loader,2020-04-22-17-32-16-938162,"2020-04-22 17:32:17"
224,FOXP1,FOXP1,loader,2020-04-22-17-32-21-971862,"2020-04-22 17:32:22"
225,FOXP3,FOXP3,loader,2020-04-22-17-32-26-537826,"2020-04-22 17:32:27"
226,FRS2,FRS2,loader,2020-04-22-17-32-28-883996,"2020-04-22 17:32:29"
227,FUBP1,FUBP1,loader,2020-04-22-17-32-30-310474,"2020-04-22 17:32:30"
228,FYN,FYN,loader,2020-04-22-17-32-32-805350,"2020-04-22 17:32:33"
229,GABRA6,GABRA6,loader,2020-04-22-17-32-34-229051,"2020-04-22 17:32:34"
230,GAS6,GAS6,loader,2020-04-22-17-32-36-666026,"2020-04-22 17:32:37"
231,GATA1,GATA1,loader,2020-04-22-17-32-38-757575,"2020-04-22 17:32:39"
232,GATA2,GATA2,loader,2020-04-22-17-32-40-764016,"2020-04-22 17:32:41"
233,GATA3,GATA3,loader,2020-04-22-17-32-42-735740,"2020-04-22 17:32:43"
234,GATA4,GATA4,loader,2020-04-22-17-32-46-846694,"2020-04-22 17:32:47"
235,GATA6,GATA6,loader,2020-04-22-17-32-53-161293,"2020-04-22 17:32:53"
236,GEN1,GEN1,loader,2020-04-22-17-32-59-024350,"2020-04-22 17:32:59"
237,GID4,GID4,loader,2020-04-22-17-33-02-030326,"2020-04-22 17:33:02"
238,GLI1,GLI1,loader,2020-04-22-17-33-07-289264,"2020-04-22 17:33:07"
239,GNA11,GNA11,loader,2020-04-22-17-33-09-504869,"2020-04-22 17:33:10"
240,GNA13,GNA13,loader,2020-04-22-17-33-13-668624,"2020-04-22 17:33:14"
241,GNAQ,GNAQ,loader,2020-04-22-17-33-15-825502,"2020-04-22 17:33:16"
242,GNAS,GNAS,loader,2020-04-22-17-33-18-541110,"2020-04-22 17:33:19"
243,GPS2,GPS2,loader,2020-04-22-17-33-25-456980,"2020-04-22 17:33:25"
244,GREM1,GREM1,loader,2020-04-22-17-33-28-416277,"2020-04-22 17:33:28"
245,GRIN2A,GRIN2A,loader,2020-04-22-17-33-32-128084,"2020-04-22 17:33:32"
246,GRM3,GRM3,loader,2020-04-22-17-33-33-921200,"2020-04-22 17:33:34"
247,GSK3B,GSK3B,loader,2020-04-22-17-33-38-678691,"2020-04-22 17:33:39"
248,GZMB,GZMB,loader,2020-04-22-17-33-41-121039,"2020-04-22 17:33:41"
249,H1-2,HIST1H1C,loader,2020-04-22-17-33-59-647033,"2020-04-22 17:34:00"
250,H2BC5,HIST1H2BD,loader,2020-04-22-17-34-01-499419,"2020-04-22 17:34:01"
251,H3-3A,H3F3A,loader,2020-04-22-17-33-43-782936,"2020-04-22 17:33:44"
252,H3-3B,H3F3B,loader,2020-04-22-17-33-47-215353,"2020-04-22 17:33:47"
253,H3-4,HIST3H3,loader,2020-04-22-17-34-35-561148,"2020-04-22 17:34:36"
254,H3-5,H3F3C,loader,2020-04-22-17-33-48-720569,"2020-04-22 17:33:49"
255,H3C1,HIST1H3A,loader,2020-04-22-17-34-04-122377,"2020-04-22 17:34:04"
256,H3C10,HIST1H3H,loader,2020-04-22-17-34-19-376134,"2020-04-22 17:34:19"
257,H3C11,HIST1H3I,loader,2020-04-22-17-34-22-405366,"2020-04-22 17:34:22"
258,H3C12,HIST1H3J,loader,2020-04-22-17-34-25-386487,"2020-04-22 17:34:25"
259,H3C13,HIST2H3D,loader,2020-04-22-17-34-33-381323,"2020-04-22 17:34:33"
260,H3C14,HIST2H3C,loader,2020-04-22-17-34-30-506866,"2020-04-22 17:34:31"
261,H3C15,HIST2H3A,loader,2020-04-22-17-34-27-833818,"2020-04-22 17:34:28"
262,H3C2,HIST1H3B,loader,2020-04-22-17-34-06-683491,"2020-04-22 17:34:07"
263,H3C6,HIST1H3E,loader,2020-04-22-17-34-09-632757,"2020-04-22 17:34:10"
264,H3C7,HIST1H3F,loader,2020-04-22-17-34-13-104985,"2020-04-22 17:34:13"
265,H3C8,HIST1H3G,loader,2020-04-22-17-34-16-147798,"2020-04-22 17:34:16"
266,HAVCR2,HAVCR2,loader,2020-04-22-17-33-54-524573,"2020-04-22 17:33:55"
267,HGF,HGF,loader,2020-04-22-17-33-58-090469,"2020-04-22 17:33:58"
268,HLA-A,HLA-A,loader,2020-04-22-17-34-53-250517,"2020-04-22 17:34:53"
269,HNF1A,HNF1A,loader,2020-04-22-17-34-58-239868,"2020-04-22 17:34:58"
270,HNRNPK,HNRNPK,loader,2020-04-22-17-35-01-056976,"2020-04-22 17:35:01"
271,HOXB13,HOXB13,loader,2020-04-22-17-35-03-561120,"2020-04-22 17:35:04"
272,HRAS,HRAS,loader,2020-04-22-17-35-07-972088,"2020-04-22 17:35:08"
273,HSD3B1,HSD3B1,loader,2020-04-22-17-35-10-271904,"2020-04-22 17:35:10"
274,HSP90AA1,HSP90AA1,loader,2020-04-22-17-35-16-957155,"2020-04-22 17:35:17"
275,ICOS,ICOS,loader,2020-04-22-17-35-19-292174,"2020-04-22 17:35:19"
276,ICOSLG,ICOSLG,loader,2020-04-22-17-35-21-516527,"2020-04-22 17:35:22"
277,ID3,ID3,loader,2020-04-22-17-35-23-087157,"2020-04-22 17:35:23"
278,IDH1,IDH1,loader,2020-04-22-17-35-26-227224,"2020-04-22 17:35:26"
279,IDH2,IDH2,loader,2020-04-22-17-35-28-854930,"2020-04-22 17:35:29"
280,IDO1,IDO1,loader,2020-04-22-17-35-32-744786,"2020-04-22 17:35:33"
281,IFITM1,IFITM1,loader,2020-04-22-17-35-34-796070,"2020-04-22 17:35:35"
282,IFITM3,IFITM3,loader,2020-04-22-17-35-36-865083,"2020-04-22 17:35:37"
283,IFNG,IFNG,loader,2020-04-22-17-35-39-129693,"2020-04-22 17:35:39"
284,IFNGR1,IFNGR1,loader,2020-04-22-17-35-42-048767,"2020-04-22 17:35:42"
285,IGF1,IGF1,loader,2020-04-22-17-35-46-657046,"2020-04-22 17:35:47"
286,IGF1R,IGF1R,loader,2020-04-22-17-35-50-464775,"2020-04-22 17:35:50"
287,IGF2,IGF2,loader,2020-04-22-17-35-53-592167,"2020-04-22 17:35:54"
288,IKBKE,IKBKE,loader,2020-04-22-17-35-55-789663,"2020-04-22 17:35:56"
289,IKZF1,IKZF1,loader,2020-04-22-17-35-58-707171,"2020-04-22 17:35:59"
290,IL10,IL10,loader,2020-04-22-17-36-02-225114,"2020-04-22 17:36:02"
291,IL1B,IL1B,loader,2020-04-22-17-36-05-639615,"2020-04-22 17:36:06"
292,IL6,IL6,loader,2020-04-22-17-36-08-404179,"2020-04-22 17:36:08"
293,IL7R,IL7R,loader,2020-04-22-17-36-11-075236,"2020-04-22 17:36:11"
294,INHA,INHA,loader,2020-04-22-17-36-12-536279,"2020-04-22 17:36:13"
295,INHBA,INHBA,loader,2020-04-22-17-36-14-459234,"2020-04-22 17:36:14"
296,INPP4A,INPP4A,loader,2020-04-22-17-36-17-632556,"2020-04-22 17:36:18"
297,INPP4B,INPP4B,loader,2020-04-22-17-36-21-160297,"2020-04-22 17:36:21"
298,INSR,INSR,loader,2020-04-22-17-36-25-319418,"2020-04-22 17:36:25"
299,IRF2,IRF2,loader,2020-04-22-17-36-27-918170,"2020-04-22 17:36:28"
300,IRF4,IRF4,loader,2020-04-22-17-36-30-684859,"2020-04-22 17:36:31"
301,IRS1,IRS1,loader,2020-04-22-17-36-32-823022,"2020-04-22 17:36:33"
302,IRS2,IRS2,loader,2020-04-22-17-36-34-639554,"2020-04-22 17:36:35"
303,JAK1,JAK1,loader,2020-04-22-17-36-37-455860,"2020-04-22 17:36:37"
304,JAK2,JAK2,loader,2020-04-22-17-36-41-970909,"2020-04-22 17:36:42"
305,JAK3,JAK3,loader,2020-04-22-17-36-44-292991,"2020-04-22 17:36:44"
306,JUN,JUN,loader,2020-04-22-17-36-48-303390,"2020-04-22 17:36:48"
307,KAT6A,KAT6A,loader,2020-04-22-17-36-50-804654,"2020-04-22 17:36:51"
308,KDM5A,KDM5A,loader,2020-04-22-17-36-54-355000,"2020-04-22 17:36:54"
309,KDM5C,KDM5C,loader,2020-04-22-17-36-56-947972,"2020-04-22 17:36:57"
310,KDM6A,KDM6A,loader,2020-04-22-17-37-00-236369,"2020-04-22 17:37:00"
311,KDR,KDR,loader,2020-04-22-17-37-04-248240,"2020-04-22 17:37:04"
312,KEAP1,KEAP1,loader,2020-04-22-17-37-11-442372,"2020-04-22 17:37:11"
313,KEL,KEL,loader,2020-04-22-17-37-15-098942,"2020-04-22 17:37:15"
314,KIF5B,KIF5B,loader,2020-04-22-17-37-17-919971,"2020-04-22 17:37:18"
315,KIT,KIT,loader,2020-04-22-17-37-20-745509,"2020-04-22 17:37:21"
316,KLF4,KLF4,loader,2020-04-22-17-37-23-277685,"2020-04-22 17:37:23"
317,KLHL6,KLHL6,loader,2020-04-22-17-37-24-816515,"2020-04-22 17:37:25"
318,KLRD1,KLRD1,loader,2020-04-22-17-37-27-039852,"2020-04-22 17:37:27"
319,KMT2A,MLL,loader,2020-04-22-17-39-16-192864,"2020-04-22 17:39:16"
320,KMT2B,KMT2B,loader,2020-04-22-17-37-29-451661,"2020-04-22 17:37:29"
321,KMT2C,KMT2C,loader,2020-04-22-17-37-32-236588,"2020-04-22 17:37:32"
322,KMT2D,KMT2D,loader,2020-04-22-17-37-35-531548,"2020-04-22 17:37:36"
323,KNSTRN,KNSTRN,loader,2020-04-22-17-37-39-355433,"2020-04-22 17:37:39"
324,KRAS,KRAS,loader,2020-04-22-17-37-43-640887,"2020-04-22 17:37:44"
325,LAG3,LAG3,loader,2020-04-22-17-37-47-039841,"2020-04-22 17:37:47"
326,LAMP1,LAMP1,loader,2020-04-22-17-37-48-969150,"2020-04-22 17:37:49"
327,LATS1,LATS1,loader,2020-04-22-17-37-51-961112,"2020-04-22 17:37:52"
328,LATS2,LATS2,loader,2020-04-22-17-37-54-390413,"2020-04-22 17:37:54"
329,LMO1,LMO1,loader,2020-04-22-17-37-55-968860,"2020-04-22 17:37:56"
330,LRP1B,LRP1B,loader,2020-04-22-17-37-58-716230,"2020-04-22 17:37:59"
331,LYN,LYN,loader,2020-04-22-17-38-00-932382,"2020-04-22 17:38:01"
332,LZTR1,LZTR1,loader,2020-04-22-17-38-04-051577,"2020-04-22 17:38:04"
333,MAGEA1,MAGEA1,Carrie.Hoefer@omniseq.com,2020-04-22-18-15-57-373996,"2020-04-22 18:15:57"
334,MAGEA3,MAGEA3,Carrie.Hoefer@omniseq.com,2020-04-22-18-15-59-825086,"2020-04-22 18:16:00"
335,MAGEA4,MAGEA4,Carrie.Hoefer@omniseq.com,2020-04-22-18-16-03-230751,"2020-04-22 18:16:03"
336,MAGI2,MAGI2,loader,2020-04-22-17-38-06-596331,"2020-04-22 17:38:07"
337,MAGOH,MAGOH,loader,2020-04-22-17-38-08-988127,"2020-04-22 17:38:09"
338,MALT1,MALT1,loader,2020-04-22-17-38-11-789342,"2020-04-22 17:38:12"
339,MAP2K1,MAP2K1,loader,2020-04-22-17-38-14-422336,"2020-04-22 17:38:14"
340,MAP2K2,MAP2K2,loader,2020-04-22-17-38-16-552681,"2020-04-22 17:38:17"
341,MAP2K4,MAP2K4,loader,2020-04-22-17-38-18-848004,"2020-04-22 17:38:19"
342,MAP3K1,MAP3K1,loader,2020-04-22-17-38-21-449183,"2020-04-22 17:38:21"
343,MAP3K13,MAP3K13,loader,2020-04-22-17-38-23-165918,"2020-04-22 17:38:23"
344,MAP3K4,MAP3K4,loader,2020-04-22-17-38-25-176663,"2020-04-22 17:38:25"
345,MAPK1,MAPK1,loader,2020-04-22-17-38-28-800080,"2020-04-22 17:38:29"
346,MAPK3,MAPK3,loader,2020-04-22-17-38-31-582038,"2020-04-22 17:38:32"
347,MAX,MAX,loader,2020-04-22-17-38-34-618529,"2020-04-22 17:38:35"
348,MCL1,MCL1,loader,2020-04-22-17-38-37-200417,"2020-04-22 17:38:37"
349,MDC1,MDC1,loader,2020-04-22-17-38-39-384388,"2020-04-22 17:38:39"
350,MDM2,MDM2,loader,2020-04-22-17-38-48-488767,"2020-04-22 17:38:48"
351,MDM4,MDM4,loader,2020-04-22-17-38-52-349499,"2020-04-22 17:38:52"
352,MED12,MED12,loader,2020-04-22-17-38-54-548133,"2020-04-22 17:38:55"
353,MEF2B,MEF2B,loader,2020-04-22-17-38-55-967717,"2020-04-22 17:38:56"
354,MEN1,MEN1,loader,2020-04-22-17-38-58-514767,"2020-04-22 17:38:59"
355,MET,MET,loader,2020-04-22-17-39-02-363890,"2020-04-22 17:39:02"
356,MGA,MGA,loader,2020-04-22-17-39-04-813878,"2020-04-22 17:39:05"
357,MITF,MITF,loader,2020-04-22-17-39-07-194619,"2020-04-22 17:39:07"
358,MLH1,MLH1,loader,2020-04-22-17-39-10-571681,"2020-04-22 17:39:11"
359,MLLT3,MLLT3,loader,2020-04-22-17-39-21-707232,"2020-04-22 17:39:22"
360,MPL,MPL,loader,2020-04-22-17-39-24-788287,"2020-04-22 17:39:25"
361,MRE11,MRE11A,loader,2020-04-22-17-39-32-811596,"2020-04-22 17:39:33"
362,MS4A1,MS4A1,loader,2020-04-22-17-39-36-075637,"2020-04-22 17:39:36"
363,MSH2,MSH2,loader,2020-04-22-17-39-39-768058,"2020-04-22 17:39:40"
364,MSH3,MSH3,loader,2020-04-22-17-39-41-755876,"2020-04-22 17:39:42"
365,MSH6,MSH6,loader,2020-04-22-17-39-44-238189,"2020-04-22 17:39:44"
366,MST1,MST1,loader,2020-04-22-17-39-46-200061,"2020-04-22 17:39:46"
367,MST1R,MST1R,loader,2020-04-22-17-39-48-404540,"2020-04-22 17:39:48"
368,MTOR,MTOR,loader,2020-04-22-17-40-01-098285,"2020-04-22 17:40:01"
369,MUTYH,MUTYH,loader,2020-04-22-17-40-07-073434,"2020-04-22 17:40:07"
370,MX1,MX1,loader,2020-04-22-17-40-09-851125,"2020-04-22 17:40:10"
371,MYB,MYB,loader,2020-04-22-17-40-11-914479,"2020-04-22 17:40:12"
372,MYC,MYC,loader,2020-04-22-17-40-14-843644,"2020-04-22 17:40:15"
373,MYCL,MYCL1,loader,2020-04-22-17-40-18-250924,"2020-04-22 17:40:18"
374,MYCL,MYCL1,loader,2020-04-22-17-40-18-250924,"2020-04-22 17:40:18"
375,MYCN,MYCN,loader,2020-04-22-17-40-20-190504,"2020-04-22 17:40:20"
376,MYD88,MYD88,loader,2020-04-22-17-40-27-501202,"2020-04-22 17:40:28"
377,MYO18A,MYO18A,loader,2020-04-22-17-40-32-134791,"2020-04-22 17:40:32"
378,MYOD1,MYOD1,loader,2020-04-22-17-40-35-788693,"2020-04-22 17:40:36"
379,NAB2,NAB2,loader,2020-04-22-17-40-37-618744,"2020-04-22 17:40:38"
380,NBN,NBN,loader,2020-04-22-17-40-40-123214,"2020-04-22 17:40:40"
381,NCOA3,NCOA3,loader,2020-04-22-17-40-41-921185,"2020-04-22 17:40:42"
382,NCOR1,NCOR1,loader,2020-04-22-17-40-44-320262,"2020-04-22 17:40:44"
383,NECTIN2,NECTIN2,Carrie.Hoefer@omniseq.com,2020-04-22-18-16-09-478166,"2020-04-22 18:16:09"
384,NEGR1,NEGR1,loader,2020-04-22-17-40-46-039548,"2020-04-22 17:40:46"
385,NF1,NF1,loader,2020-04-22-17-40-48-596197,"2020-04-22 17:40:49"
386,NF2,NF2,loader,2020-04-22-17-40-50-668613,"2020-04-22 17:40:51"
387,NFE2L2,NFE2L2,loader,2020-04-22-17-40-55-419998,"2020-04-22 17:40:55"
388,NFKBIA,NFKBIA,loader,2020-04-22-17-40-58-096824,"2020-04-22 17:40:58"
389,NKX2-1,NKX2-1,loader,2020-04-22-17-41-00-477999,"2020-04-22 17:41:00"
390,NKX2-8,NKX2-8,loader,2020-04-22-17-41-01-891801,"2020-04-22 17:41:02"
391,NKX3-1,NKX3-1,loader,2020-04-22-17-41-04-461533,"2020-04-22 17:41:04"
392,NOTCH1,NOTCH1,loader,2020-04-22-17-41-07-695913,"2020-04-22 17:41:08"
393,NOTCH2,NOTCH2,loader,2020-04-22-17-41-11-940567,"2020-04-22 17:41:12"
394,NOTCH3,NOTCH3,loader,2020-04-22-17-41-15-198888,"2020-04-22 17:41:15"
395,NOTCH4,NOTCH4,loader,2020-04-22-17-41-17-027480,"2020-04-22 17:41:17"
396,NPM1,NPM1,loader,2020-04-22-17-41-20-727533,"2020-04-22 17:41:21"
397,NRAS,NRAS,loader,2020-04-22-17-41-23-759461,"2020-04-22 17:41:24"
398,NRG1,NRG1,loader,2020-04-22-17-41-26-716985,"2020-04-22 17:41:27"
399,NSD1,NSD1,loader,2020-04-22-17-41-28-436416,"2020-04-22 17:41:28"
400,NTRK1,NTRK1,loader,2020-04-22-17-41-32-775937,"2020-04-22 17:41:33"
401,NTRK2,NTRK2,loader,2020-04-22-17-41-35-828486,"2020-04-22 17:41:36"
402,NTRK3,NTRK3,loader,2020-04-22-17-41-37-665534,"2020-04-22 17:41:38"
403,NUP93,NUP93,loader,2020-04-22-17-41-40-322387,"2020-04-22 17:41:40"
404,NUTM1,NUTM1,loader,2020-04-22-17-41-42-754893,"2020-04-22 17:41:43"
405,PAK1,PAK1,loader,2020-04-22-17-41-45-888553,"2020-04-22 17:41:46"
406,PAK3,PAK3,loader,2020-04-22-17-41-48-069968,"2020-04-22 17:41:48"
407,PAK5,PAK7,loader,2020-04-22-17-41-49-904332,"2020-04-22 17:41:50"
408,PALB2,PALB2,loader,2020-04-22-17-41-55-805799,"2020-04-22 17:41:56"
409,PARP1,PARP1,loader,2020-04-22-17-42-20-242979,"2020-04-22 17:42:20"
410,PAX3,PAX3,loader,2020-04-22-17-42-23-782254,"2020-04-22 17:42:24"
411,PAX5,PAX5,loader,2020-04-22-17-42-26-553869,"2020-04-22 17:42:27"
412,PAX7,PAX7,loader,2020-04-22-17-42-28-656668,"2020-04-22 17:42:29"
413,PAX8,PAX8,loader,2020-04-22-17-42-30-240285,"2020-04-22 17:42:30"
414,PBRM1,PBRM1,loader,2020-04-22-17-42-33-191548,"2020-04-22 17:42:33"
415,PDCD1,PDCD1,loader,2020-04-22-17-42-36-411031,"2020-04-22 17:42:36"
416,PDCD1LG2,PDCD1LG2,loader,2020-04-22-17-42-38-551151,"2020-04-22 17:42:39"
417,PDGFRA,PDGFRA,loader,2020-04-22-17-42-41-213844,"2020-04-22 17:42:41"
418,PDGFRB,PDGFRB,loader,2020-04-22-17-42-43-741685,"2020-04-22 17:42:44"
419,PDK1,PDK1,loader,2020-04-22-17-42-46-104480,"2020-04-22 17:42:46"
420,PDPK1,PDPK1,loader,2020-04-22-17-42-48-353687,"2020-04-22 17:42:48"
421,PGR,PGR,loader,2020-04-22-17-42-50-740187,"2020-04-22 17:42:51"
422,PHF6,PHF6,loader,2020-04-22-17-42-52-173418,"2020-04-22 17:42:52"
423,PHOX2B,PHOX2B,loader,2020-04-22-17-42-54-384143,"2020-04-22 17:42:54"
424,PIK3C2B,PIK3C2B,loader,2020-04-22-17-42-56-004659,"2020-04-22 17:42:56"
425,PIK3C2G,PIK3C2G,loader,2020-04-22-17-42-58-256301,"2020-04-22 17:42:58"
426,PIK3C3,PIK3C3,loader,2020-04-22-17-43-00-615588,"2020-04-22 17:43:01"
427,PIK3CA,PIK3CA,loader,2020-04-22-17-43-03-746764,"2020-04-22 17:43:04"
428,PIK3CB,PIK3CB,loader,2020-04-22-17-43-06-066618,"2020-04-22 17:43:06"
429,PIK3CD,PIK3CD,loader,2020-04-22-17-43-07-767349,"2020-04-22 17:43:08"
430,PIK3CG,PIK3CG,loader,2020-04-22-17-43-09-827623,"2020-04-22 17:43:10"
431,PIK3R1,PIK3R1,loader,2020-04-22-17-43-13-616154,"2020-04-22 17:43:14"
432,PIK3R2,PIK3R2,loader,2020-04-22-17-43-17-166582,"2020-04-22 17:43:17"
433,PIK3R3,PIK3R3,loader,2020-04-22-17-43-19-621091,"2020-04-22 17:43:20"
434,PIM1,PIM1,loader,2020-04-22-17-43-22-694531,"2020-04-22 17:43:23"
435,PLCG2,PLCG2,loader,2020-04-22-17-43-24-277768,"2020-04-22 17:43:24"
436,PLK2,PLK2,loader,2020-04-22-17-43-25-754823,"2020-04-22 17:43:26"
437,PMAIP1,PMAIP1,loader,2020-04-22-17-43-27-472952,"2020-04-22 17:43:27"
438,PMS1,PMS1,loader,2020-04-22-17-43-29-297965,"2020-04-22 17:43:29"
439,PMS2,PMS2,loader,2020-04-22-17-43-31-363694,"2020-04-22 17:43:31"
440,PNP,PNP,loader,2020-04-22-17-43-33-809144,"2020-04-22 17:43:34"
441,PNRC1,PNRC1,loader,2020-04-22-17-43-35-324555,"2020-04-22 17:43:35"
442,POLD1,POLD1,loader,2020-04-22-17-43-42-506322,"2020-04-22 17:43:43"
443,POLE,POLE,loader,2020-04-22-17-43-46-851102,"2020-04-22 17:43:47"
444,PPARG,PPARG,loader,2020-04-22-17-43-49-941061,"2020-04-22 17:43:50"
445,PPM1D,PPM1D,loader,2020-04-22-17-43-53-818389,"2020-04-22 17:43:54"
446,PPP2R1A,PPP2R1A,loader,2020-04-22-17-43-57-558315,"2020-04-22 17:43:58"
447,PPP2R2A,PPP2R2A,loader,2020-04-22-17-43-59-821617,"2020-04-22 17:44:00"
448,PPP6C,PPP6C,loader,2020-04-22-17-44-04-629004,"2020-04-22 17:44:05"
449,PRDM1,PRDM1,loader,2020-04-22-17-44-07-861618,"2020-04-22 17:44:08"
450,PREX2,PREX2,loader,2020-04-22-17-44-09-895529,"2020-04-22 17:44:10"
451,PRKAR1A,PRKAR1A,loader,2020-04-22-17-44-11-781918,"2020-04-22 17:44:12"
452,PRKCI,PRKCI,loader,2020-04-22-17-44-14-424118,"2020-04-22 17:44:14"
453,PRKDC,PRKDC,loader,2020-04-22-17-44-22-546559,"2020-04-22 17:44:23"
454,PRKN,PARK2,loader,2020-04-22-17-42-08-606711,"2020-04-22 17:42:09"
455,PRSS8,PRSS8,loader,2020-04-22-17-44-26-092059,"2020-04-22 17:44:26"
456,PTCH1,PTCH1,loader,2020-04-22-17-44-28-886601,"2020-04-22 17:44:29"
457,PTEN,PTEN,loader,2020-04-22-17-44-32-765785,"2020-04-22 17:44:33"
458,PTPN11,PTPN11,loader,2020-04-22-17-44-35-933784,"2020-04-22 17:44:36"
459,PTPRD,PTPRD,loader,2020-04-22-17-44-38-619521,"2020-04-22 17:44:39"
460,PTPRS,PTPRS,loader,2020-04-22-17-44-42-777271,"2020-04-22 17:44:43"
461,PTPRT,PTPRT,loader,2020-04-22-17-44-45-759346,"2020-04-22 17:44:46"
462,PVR,PVR,Carrie.Hoefer@omniseq.com,2020-04-22-18-16-15-641471,"2020-04-22 18:16:16"
463,QKI,QKI,loader,2020-04-22-17-44-50-117203,"2020-04-22 17:44:50"
464,RAB35,RAB35,loader,2020-04-22-17-44-52-091758,"2020-04-22 17:44:52"
465,RAC1,RAC1,loader,2020-04-22-17-44-55-166338,"2020-04-22 17:44:55"
466,RAD21,RAD21,loader,2020-04-22-17-44-59-030610,"2020-04-22 17:44:59"
467,RAD50,RAD50,loader,2020-04-22-17-45-02-264256,"2020-04-22 17:45:02"
468,RAD51,RAD51,loader,2020-04-22-17-45-06-241507,"2020-04-22 17:45:06"
469,RAD51B,RAD51B,loader,2020-04-22-17-45-08-183726,"2020-04-22 17:45:08"
470,RAD51C,RAD51C,loader,2020-04-22-17-45-10-796632,"2020-04-22 17:45:11"
471,RAD51D,RAD51D,loader,2020-04-22-17-45-12-651452,"2020-04-22 17:45:13"
472,RAD52,RAD52,loader,2020-04-22-17-45-14-876135,"2020-04-22 17:45:15"
473,RAD54L,RAD54L,loader,2020-04-22-17-45-16-226140,"2020-04-22 17:45:16"
474,RAF1,RAF1,loader,2020-04-22-17-45-19-864217,"2020-04-22 17:45:20"
475,RANBP2,RANBP2,loader,2020-04-22-17-45-27-557633,"2020-04-22 17:45:28"
476,RARA,RARA,loader,2020-04-22-17-45-32-340860,"2020-04-22 17:45:32"
477,RASA1,RASA1,loader,2020-04-22-17-45-34-657177,"2020-04-22 17:45:35"
478,RB1,RB1,loader,2020-04-22-17-45-38-599936,"2020-04-22 17:45:39"
479,RBM10,RBM10,loader,2020-04-22-17-45-41-174751,"2020-04-22 17:45:41"
480,RECQL4,RECQL4,loader,2020-04-22-17-45-44-230500,"2020-04-22 17:45:44"
481,REL,REL,loader,2020-04-22-17-45-46-121308,"2020-04-22 17:45:46"
482,RET,RET,loader,2020-04-22-17-45-50-647829,"2020-04-22 17:45:51"
483,RHEB,RHEB,loader,2020-04-22-17-45-55-081480,"2020-04-22 17:45:55"
484,RHOA,RHOA,loader,2020-04-22-17-46-02-447982,"2020-04-22 17:46:02"
485,RICTOR,RICTOR,loader,2020-04-22-17-46-05-118460,"2020-04-22 17:46:05"
486,RIT1,RIT1,loader,2020-04-22-17-46-07-370781,"2020-04-22 17:46:07"
487,RNF43,RNF43,loader,2020-04-22-17-46-11-032512,"2020-04-22 17:46:11"
488,ROS1,ROS1,loader,2020-04-22-17-46-13-370845,"2020-04-22 17:46:13"
489,RPS6KA4,RPS6KA4,loader,2020-04-22-17-46-15-077854,"2020-04-22 17:46:15"
490,RPS6KB1,RPS6KB1,loader,2020-04-22-17-46-23-325913,"2020-04-22 17:46:23"
491,RPS6KB2,RPS6KB2,loader,2020-04-22-17-46-26-827636,"2020-04-22 17:46:27"
492,RPTOR,RPTOR,loader,2020-04-22-17-46-29-013561,"2020-04-22 17:46:29"
493,RUNX1,RUNX1,loader,2020-04-22-17-46-34-227035,"2020-04-22 17:46:34"
494,RUNX1T1,RUNX1T1,loader,2020-04-22-17-46-38-521422,"2020-04-22 17:46:39"
495,RYBP,RYBP,loader,2020-04-22-17-46-44-957066,"2020-04-22 17:46:45"
496,SDHA,SDHA,loader,2020-04-22-17-46-48-100312,"2020-04-22 17:46:48"
497,SDHAF2,SDHAF2,loader,2020-04-22-17-46-50-268224,"2020-04-22 17:46:50"
498,SDHB,SDHB,loader,2020-04-22-17-46-52-148022,"2020-04-22 17:46:52"
499,SDHC,SDHC,loader,2020-04-22-17-46-54-270635,"2020-04-22 17:46:54"
500,SDHD,SDHD,loader,2020-04-22-17-46-57-366032,"2020-04-22 17:46:57"
501,SETBP1,SETBP1,loader,2020-04-22-17-46-59-551259,"2020-04-22 17:47:00"
502,SETD2,SETD2,loader,2020-04-22-17-47-07-392219,"2020-04-22 17:47:07"
503,SF3B1,SF3B1,loader,2020-04-22-17-47-12-787273,"2020-04-22 17:47:13"
504,SH2B3,SH2B3,loader,2020-04-22-17-47-15-053544,"2020-04-22 17:47:15"
505,SH2D1A,SH2D1A,loader,2020-04-22-17-47-18-143305,"2020-04-22 17:47:18"
506,SHQ1,SHQ1,loader,2020-04-22-17-47-20-053501,"2020-04-22 17:47:20"
507,SLIT2,SLIT2,loader,2020-04-22-17-47-22-526927,"2020-04-22 17:47:23"
508,SLX4,SLX4,loader,2020-04-22-17-47-25-558401,"2020-04-22 17:47:26"
509,SMAD2,SMAD2,loader,2020-04-22-17-47-28-628312,"2020-04-22 17:47:29"
510,SMAD3,SMAD3,loader,2020-04-22-17-47-31-334015,"2020-04-22 17:47:31"
511,SMAD4,SMAD4,loader,2020-04-22-17-47-34-021264,"2020-04-22 17:47:34"
512,SMARCA4,SMARCA4,loader,2020-04-22-17-47-36-348980,"2020-04-22 17:47:36"
513,SMARCB1,SMARCB1,loader,2020-04-22-17-47-39-312869,"2020-04-22 17:47:39"
514,SMARCD1,SMARCD1,loader,2020-04-22-17-47-43-632877,"2020-04-22 17:47:44"
515,SMC1A,SMC1A,loader,2020-04-22-17-47-46-453417,"2020-04-22 17:47:46"
516,SMC3,SMC3,loader,2020-04-22-17-47-49-866407,"2020-04-22 17:47:50"
517,SMO,SMO,loader,2020-04-22-17-47-51-881754,"2020-04-22 17:47:52"
518,SNCAIP,SNCAIP,loader,2020-04-22-17-47-53-885341,"2020-04-22 17:47:54"
519,SOCS1,SOCS1,loader,2020-04-22-17-47-56-766707,"2020-04-22 17:47:57"
520,SOX10,SOX10,loader,2020-04-22-17-48-00-270429,"2020-04-22 17:48:00"
521,SOX17,SOX17,loader,2020-04-22-17-48-02-264717,"2020-04-22 17:48:02"
522,SOX2,SOX2,loader,2020-04-22-17-48-04-486883,"2020-04-22 17:48:04"
523,SOX9,SOX9,loader,2020-04-22-17-48-07-495013,"2020-04-22 17:48:07"
524,SPEN,SPEN,loader,2020-04-22-17-48-09-887623,"2020-04-22 17:48:10"
525,SPOP,SPOP,loader,2020-04-22-17-48-12-634078,"2020-04-22 17:48:13"
526,SPTA1,SPTA1,loader,2020-04-22-17-48-15-095964,"2020-04-22 17:48:15"
527,SRC,SRC,loader,2020-04-22-17-48-22-128031,"2020-04-22 17:48:22"
528,SRSF2,SRSF2,loader,2020-04-22-17-48-25-384641,"2020-04-22 17:48:25"
529,SSX2,SSX2,Carrie.Hoefer@omniseq.com,2020-04-22-18-16-18-429448,"2020-04-22 18:16:18"
530,STAG1,STAG1,loader,2020-04-22-17-48-26-952777,"2020-04-22 17:48:27"
531,STAG2,STAG2,loader,2020-04-22-17-48-29-982756,"2020-04-22 17:48:30"
532,STAT1,STAT1,loader,2020-04-22-17-48-33-968077,"2020-04-22 17:48:34"
533,STAT3,STAT3,loader,2020-04-22-17-48-42-732611,"2020-04-22 17:48:43"
534,STAT4,STAT4,loader,2020-04-22-17-48-45-439731,"2020-04-22 17:48:45"
535,STAT5A,STAT5A,loader,2020-04-22-17-48-48-555521,"2020-04-22 17:48:49"
536,STAT5B,STAT5B,loader,2020-04-22-17-48-50-530399,"2020-04-22 17:48:51"
537,STK11,STK11,loader,2020-04-22-17-48-53-589917,"2020-04-22 17:48:54"
538,STK40,STK40,loader,2020-04-22-17-48-55-260853,"2020-04-22 17:48:55"
539,SUFU,SUFU,loader,2020-04-22-17-49-02-267361,"2020-04-22 17:49:02"
540,SUZ12,SUZ12,loader,2020-04-22-17-49-06-024486,"2020-04-22 17:49:06"
541,SYK,SYK,loader,2020-04-22-17-49-09-985146,"2020-04-22 17:49:10"
542,TAF1,TAF1,loader,2020-04-22-17-49-14-911553,"2020-04-22 17:49:15"
543,TBX21,TBX21,loader,2020-04-22-17-49-18-700201,"2020-04-22 17:49:19"
544,TBX3,TBX3,loader,2020-04-22-17-49-21-416234,"2020-04-22 17:49:21"
545,TCF3,TCF3,loader,2020-04-22-17-49-25-149783,"2020-04-22 17:49:25"
546,TCF7L2,TCF7L2,loader,2020-04-22-17-49-28-633574,"2020-04-22 17:49:29"
547,TENT5C,FAM46C,loader,2020-04-22-17-30-39-389446,"2020-04-22 17:30:39"
548,TERC,TERC,loader,2020-04-22-17-49-29-434746,"2020-04-22 17:49:29"
549,TERT,TERT,loader,2020-04-22-17-49-32-629100,"2020-04-22 17:49:33"
550,TET1,TET1,loader,2020-04-22-17-49-35-712375,"2020-04-22 17:49:36"
551,TET2,TET2,loader,2020-04-22-17-49-38-984556,"2020-04-22 17:49:39"
552,TFE3,TFE3,loader,2020-04-22-17-49-41-964109,"2020-04-22 17:49:42"
553,TFRC,TFRC,loader,2020-04-22-17-49-44-522630,"2020-04-22 17:49:45"
554,TGFB1,TGFB1,loader,2020-04-22-17-49-47-462799,"2020-04-22 17:49:47"
555,TGFBR1,TGFBR1,loader,2020-04-22-17-49-49-958822,"2020-04-22 17:49:50"
556,TGFBR2,TGFBR2,loader,2020-04-22-17-49-52-160970,"2020-04-22 17:49:52"
557,TIAF1,TIAF1,loader,2020-04-22-17-49-54-328616,"2020-04-22 17:49:54"
558,TIGIT,TIGIT,Carrie.Hoefer@omniseq.com,2020-04-22-18-16-22-733316,"2020-04-22 18:16:23"
559,TLR7,TLR7,Carrie.Hoefer@omniseq.com,2020-04-22-18-16-27-172365,"2020-04-22 18:16:27"
560,TLR8,TLR8,Carrie.Hoefer@omniseq.com,2020-04-22-18-16-36-396877,"2020-04-22 18:16:36"
561,TLR9,TLR9,Carrie.Hoefer@omniseq.com,2020-04-22-18-16-41-056756,"2020-04-22 18:16:41"
562,TMEM127,TMEM127,loader,2020-04-22-17-49-56-356145,"2020-04-22 17:49:56"
563,TMPRSS2,TMPRSS2,loader,2020-04-22-17-49-59-977636,"2020-04-22 17:50:00"
564,TNF,TNF,loader,2020-04-22-17-50-04-127376,"2020-04-22 17:50:04"
565,TNFAIP3,TNFAIP3,loader,2020-04-22-17-50-07-144013,"2020-04-22 17:50:07"
566,TNFRSF14,TNFRSF14,loader,2020-04-22-17-50-10-193821,"2020-04-22 17:50:10"
567,TNFRSF18,TNFRSF18,loader,2020-04-22-17-50-11-869068,"2020-04-22 17:50:12"
568,TNFRSF4,TNFRSF4,loader,2020-04-22-17-50-13-390389,"2020-04-22 17:50:13"
569,TNFRSF9,TNFRSF9,loader,2020-04-22-17-50-15-449294,"2020-04-22 17:50:15"
570,TNFSF4,TNFSF4,loader,2020-04-22-17-50-18-320744,"2020-04-22 17:50:18"
571,TOP1,TOP1,loader,2020-04-22-17-50-20-380347,"2020-04-22 17:50:20"
572,TOP2A,TOP2A,loader,2020-04-22-17-50-24-007831,"2020-04-22 17:50:24"
573,TP53,TP53,loader,2020-04-22-17-50-30-548257,"2020-04-22 17:50:31"
574,TP63,TP63,loader,2020-04-22-17-50-33-168708,"2020-04-22 17:50:33"
575,TRAF2,TRAF2,loader,2020-04-22-17-50-35-826652,"2020-04-22 17:50:36"
576,TRAF7,TRAF7,loader,2020-04-22-17-50-38-751575,"2020-04-22 17:50:39"
577,TSC1,TSC1,loader,2020-04-22-17-50-44-164345,"2020-04-22 17:50:44"
578,TSC2,TSC2,loader,2020-04-22-17-50-48-425753,"2020-04-22 17:50:48"
579,TSHR,TSHR,loader,2020-04-22-17-50-52-010173,"2020-04-22 17:50:52"
580,U2AF1,U2AF1,loader,2020-04-22-17-50-53-665182,"2020-04-22 17:50:54"
581,VEGFA,VEGFA,loader,2020-04-22-17-50-56-224772,"2020-04-22 17:50:56"
582,VHL,VHL,loader,2020-04-22-17-50-59-543647,"2020-04-22 17:51:00"
583,VSIR,C10orf54,loader,2020-04-22-17-24-16-087243,"2020-04-22 17:24:16"
584,VTCN1,VTCN1,loader,2020-04-22-17-51-01-899967,"2020-04-22 17:51:02"
585,WT1,WT1,loader,2020-04-22-17-51-08-629564,"2020-04-22 17:51:09"
586,XIAP,XIAP,loader,2020-04-22-17-51-11-270573,"2020-04-22 17:51:11"
587,XPO1,XPO1,loader,2020-04-22-17-51-13-853776,"2020-04-22 17:51:14"
588,XRCC2,XRCC2,loader,2020-04-22-17-51-16-245891,"2020-04-22 17:51:16"
589,YAP1,YAP1,loader,2020-04-22-17-51-22-744799,"2020-04-22 17:51:23"
590,YES1,YES1,loader,2020-04-22-17-51-24-989096,"2020-04-22 17:51:25"
591,ZBTB2,ZBTB2,loader,2020-04-22-17-51-27-618098,"2020-04-22 17:51:28"
592,ZBTB7A,ZBTB7A,loader,2020-04-22-17-51-32-126557,"2020-04-22 17:51:32"
593,ZFHX3,ZFHX3,loader,2020-04-22-17-51-37-225656,"2020-04-22 17:51:37"
594,ZNF217,ZNF217,loader,2020-04-22-17-51-39-284119,"2020-04-22 17:51:39"
595,ZNF703,ZNF703,loader,2020-04-22-17-51-41-228289,"2020-04-22 17:51:41"
596,ZRSR2,ZRSR2,loader,2020-04-22-17-51-42-801094,"2020-04-22 17:51:43"
